Category,Channel,Ch_URL,Titles,Video_URL,Date,View_2022-01-12,Subs_2022-01-12
pastel,Pastel _Sisters,"0              https://www.youtube.com/c/WildPastelHair
1      https://www.youtube.com/c/AlessandraSantosPastel
2     https://www.youtube.com/channel/UCSF6vx__8xdAn...
3     https://www.youtube.com/channel/UCIjMZ-yxmkQNw...
4     https://www.youtube.com/channel/UCENUZbRr1cWOJ...
5     https://www.youtube.com/channel/UCTLvXWIDDkEmX...
6     https://www.youtube.com/channel/UCZVeE4pxO9Aqv...
7     https://www.youtube.com/channel/UC8zl8cNK71tTS...
8          https://www.youtube.com/c/PrettyPastelPlease
9     https://www.youtube.com/channel/UCH3y9O7pO-YYf...
10    https://www.youtube.com/channel/UCWbq9_8fq3Fqi...
11    https://www.youtube.com/channel/UC88YYy0Bsk9Vr...
12    https://www.youtube.com/channel/UCvU3Lrgb4cPOs...
13    https://www.youtube.com/channel/UCDaIWaaiOOmTW...
14           https://www.youtube.com/c/pastel_imAhottie
15    https://www.youtube.com/channel/UCNaqXQLhcLUjf...
16    https://www.youtube.com/c/PastelPlotterSonoriz...
17    https://www.youtube.com/channel/UCFnUyWqZ2kJ3M...
18    https://www.youtube.com/channel/UCgbHSW3RTCHYD...
19       https://www.youtube.com/c/HelloPastelBlossomTV
Name: Ch_URL, dtype: object",I Happy Pills I Born without a heart I Angry too I  glmv I,https://www.youtube.com/watch?v=21b4hrG0SuE,1 year ago,2.1M views,81K subscribers
pastel,Pastel _Sisters,"0              https://www.youtube.com/c/WildPastelHair
1      https://www.youtube.com/c/AlessandraSantosPastel
2     https://www.youtube.com/channel/UCSF6vx__8xdAn...
3     https://www.youtube.com/channel/UCIjMZ-yxmkQNw...
4     https://www.youtube.com/channel/UCENUZbRr1cWOJ...
5     https://www.youtube.com/channel/UCTLvXWIDDkEmX...
6     https://www.youtube.com/channel/UCZVeE4pxO9Aqv...
7     https://www.youtube.com/channel/UC8zl8cNK71tTS...
8          https://www.youtube.com/c/PrettyPastelPlease
9     https://www.youtube.com/channel/UCH3y9O7pO-YYf...
10    https://www.youtube.com/channel/UCWbq9_8fq3Fqi...
11    https://www.youtube.com/channel/UC88YYy0Bsk9Vr...
12    https://www.youtube.com/channel/UCvU3Lrgb4cPOs...
13    https://www.youtube.com/channel/UCDaIWaaiOOmTW...
14           https://www.youtube.com/c/pastel_imAhottie
15    https://www.youtube.com/channel/UCNaqXQLhcLUjf...
16    https://www.youtube.com/c/PastelPlotterSonoriz...
17    https://www.youtube.com/channel/UCFnUyWqZ2kJ3M...
18    https://www.youtube.com/channel/UCgbHSW3RTCHYD...
19       https://www.youtube.com/c/HelloPastelBlossomTV
Name: Ch_URL, dtype: object",ZastƒÖpiona-wersja inna ni≈º wszystkie :33// gacha life mini movie,https://www.youtube.com/watch?v=9hMu_tDxYkU,2 years ago,229K views,81K subscribers
pastel,Pastel _Sisters,"0              https://www.youtube.com/c/WildPastelHair
1      https://www.youtube.com/c/AlessandraSantosPastel
2     https://www.youtube.com/channel/UCSF6vx__8xdAn...
3     https://www.youtube.com/channel/UCIjMZ-yxmkQNw...
4     https://www.youtube.com/channel/UCENUZbRr1cWOJ...
5     https://www.youtube.com/channel/UCTLvXWIDDkEmX...
6     https://www.youtube.com/channel/UCZVeE4pxO9Aqv...
7     https://www.youtube.com/channel/UC8zl8cNK71tTS...
8          https://www.youtube.com/c/PrettyPastelPlease
9     https://www.youtube.com/channel/UCH3y9O7pO-YYf...
10    https://www.youtube.com/channel/UCWbq9_8fq3Fqi...
11    https://www.youtube.com/channel/UC88YYy0Bsk9Vr...
12    https://www.youtube.com/channel/UCvU3Lrgb4cPOs...
13    https://www.youtube.com/channel/UCDaIWaaiOOmTW...
14           https://www.youtube.com/c/pastel_imAhottie
15    https://www.youtube.com/channel/UCNaqXQLhcLUjf...
16    https://www.youtube.com/c/PastelPlotterSonoriz...
17    https://www.youtube.com/channel/UCFnUyWqZ2kJ3M...
18    https://www.youtube.com/channel/UCgbHSW3RTCHYD...
19       https://www.youtube.com/c/HelloPastelBlossomTV
Name: Ch_URL, dtype: object",ten ≈õwiat GLMM,https://www.youtube.com/watch?v=SBhzHeNw1ns,2 years ago,214K views,81K subscribers
pastel,Pastel _Sisters,"0              https://www.youtube.com/c/WildPastelHair
1      https://www.youtube.com/c/AlessandraSantosPastel
2     https://www.youtube.com/channel/UCSF6vx__8xdAn...
3     https://www.youtube.com/channel/UCIjMZ-yxmkQNw...
4     https://www.youtube.com/channel/UCENUZbRr1cWOJ...
5     https://www.youtube.com/channel/UCTLvXWIDDkEmX...
6     https://www.youtube.com/channel/UCZVeE4pxO9Aqv...
7     https://www.youtube.com/channel/UC8zl8cNK71tTS...
8          https://www.youtube.com/c/PrettyPastelPlease
9     https://www.youtube.com/channel/UCH3y9O7pO-YYf...
10    https://www.youtube.com/channel/UCWbq9_8fq3Fqi...
11    https://www.youtube.com/channel/UC88YYy0Bsk9Vr...
12    https://www.youtube.com/channel/UCvU3Lrgb4cPOs...
13    https://www.youtube.com/channel/UCDaIWaaiOOmTW...
14           https://www.youtube.com/c/pastel_imAhottie
15    https://www.youtube.com/channel/UCNaqXQLhcLUjf...
16    https://www.youtube.com/c/PastelPlotterSonoriz...
17    https://www.youtube.com/channel/UCFnUyWqZ2kJ3M...
18    https://www.youtube.com/channel/UCgbHSW3RTCHYD...
19       https://www.youtube.com/c/HelloPastelBlossomTV
Name: Ch_URL, dtype: object",Wszystko czego dotknƒô umiera ~ glmm,https://www.youtube.com/watch?v=Zi3SGf4zuXE,1 year ago,204K views,81K subscribers
pastel,Pastel _Sisters,"0              https://www.youtube.com/c/WildPastelHair
1      https://www.youtube.com/c/AlessandraSantosPastel
2     https://www.youtube.com/channel/UCSF6vx__8xdAn...
3     https://www.youtube.com/channel/UCIjMZ-yxmkQNw...
4     https://www.youtube.com/channel/UCENUZbRr1cWOJ...
5     https://www.youtube.com/channel/UCTLvXWIDDkEmX...
6     https://www.youtube.com/channel/UCZVeE4pxO9Aqv...
7     https://www.youtube.com/channel/UC8zl8cNK71tTS...
8          https://www.youtube.com/c/PrettyPastelPlease
9     https://www.youtube.com/channel/UCH3y9O7pO-YYf...
10    https://www.youtube.com/channel/UCWbq9_8fq3Fqi...
11    https://www.youtube.com/channel/UC88YYy0Bsk9Vr...
12    https://www.youtube.com/channel/UCvU3Lrgb4cPOs...
13    https://www.youtube.com/channel/UCDaIWaaiOOmTW...
14           https://www.youtube.com/c/pastel_imAhottie
15    https://www.youtube.com/channel/UCNaqXQLhcLUjf...
16    https://www.youtube.com/c/PastelPlotterSonoriz...
17    https://www.youtube.com/channel/UCFnUyWqZ2kJ3M...
18    https://www.youtube.com/channel/UCgbHSW3RTCHYD...
19       https://www.youtube.com/c/HelloPastelBlossomTV
Name: Ch_URL, dtype: object",Singing Battle~wersja pl (piosenki ang.),https://www.youtube.com/watch?v=jqioAuZOyj0,2 years ago,198K views,81K subscribers
pastel,Pastel _Sisters,"0              https://www.youtube.com/c/WildPastelHair
1      https://www.youtube.com/c/AlessandraSantosPastel
2     https://www.youtube.com/channel/UCSF6vx__8xdAn...
3     https://www.youtube.com/channel/UCIjMZ-yxmkQNw...
4     https://www.youtube.com/channel/UCENUZbRr1cWOJ...
5     https://www.youtube.com/channel/UCTLvXWIDDkEmX...
6     https://www.youtube.com/channel/UCZVeE4pxO9Aqv...
7     https://www.youtube.com/channel/UC8zl8cNK71tTS...
8          https://www.youtube.com/c/PrettyPastelPlease
9     https://www.youtube.com/channel/UCH3y9O7pO-YYf...
10    https://www.youtube.com/channel/UCWbq9_8fq3Fqi...
11    https://www.youtube.com/channel/UC88YYy0Bsk9Vr...
12    https://www.youtube.com/channel/UCvU3Lrgb4cPOs...
13    https://www.youtube.com/channel/UCDaIWaaiOOmTW...
14           https://www.youtube.com/c/pastel_imAhottie
15    https://www.youtube.com/channel/UCNaqXQLhcLUjf...
16    https://www.youtube.com/c/PastelPlotterSonoriz...
17    https://www.youtube.com/channel/UCFnUyWqZ2kJ3M...
18    https://www.youtube.com/channel/UCgbHSW3RTCHYD...
19       https://www.youtube.com/c/HelloPastelBlossomTV
Name: Ch_URL, dtype: object",Zamkniƒôci w grze gacha life mini movie (GLMM) :33,https://www.youtube.com/watch?v=yMcjXkHsg-o,2 years ago,167K views,81K subscribers
pastel,Pastel _Sisters,"0              https://www.youtube.com/c/WildPastelHair
1      https://www.youtube.com/c/AlessandraSantosPastel
2     https://www.youtube.com/channel/UCSF6vx__8xdAn...
3     https://www.youtube.com/channel/UCIjMZ-yxmkQNw...
4     https://www.youtube.com/channel/UCENUZbRr1cWOJ...
5     https://www.youtube.com/channel/UCTLvXWIDDkEmX...
6     https://www.youtube.com/channel/UCZVeE4pxO9Aqv...
7     https://www.youtube.com/channel/UC8zl8cNK71tTS...
8          https://www.youtube.com/c/PrettyPastelPlease
9     https://www.youtube.com/channel/UCH3y9O7pO-YYf...
10    https://www.youtube.com/channel/UCWbq9_8fq3Fqi...
11    https://www.youtube.com/channel/UC88YYy0Bsk9Vr...
12    https://www.youtube.com/channel/UCvU3Lrgb4cPOs...
13    https://www.youtube.com/channel/UCDaIWaaiOOmTW...
14           https://www.youtube.com/c/pastel_imAhottie
15    https://www.youtube.com/channel/UCNaqXQLhcLUjf...
16    https://www.youtube.com/c/PastelPlotterSonoriz...
17    https://www.youtube.com/channel/UCFnUyWqZ2kJ3M...
18    https://www.youtube.com/channel/UCgbHSW3RTCHYD...
19       https://www.youtube.com/c/HelloPastelBlossomTV
Name: Ch_URL, dtype: object",Bez uczuƒá.... Glmm,https://www.youtube.com/watch?v=PZAyj1tQpaw,1 year ago,85K views,81K subscribers
pastel,Pastel _Sisters,"0              https://www.youtube.com/c/WildPastelHair
1      https://www.youtube.com/c/AlessandraSantosPastel
2     https://www.youtube.com/channel/UCSF6vx__8xdAn...
3     https://www.youtube.com/channel/UCIjMZ-yxmkQNw...
4     https://www.youtube.com/channel/UCENUZbRr1cWOJ...
5     https://www.youtube.com/channel/UCTLvXWIDDkEmX...
6     https://www.youtube.com/channel/UCZVeE4pxO9Aqv...
7     https://www.youtube.com/channel/UC8zl8cNK71tTS...
8          https://www.youtube.com/c/PrettyPastelPlease
9     https://www.youtube.com/channel/UCH3y9O7pO-YYf...
10    https://www.youtube.com/channel/UCWbq9_8fq3Fqi...
11    https://www.youtube.com/channel/UC88YYy0Bsk9Vr...
12    https://www.youtube.com/channel/UCvU3Lrgb4cPOs...
13    https://www.youtube.com/channel/UCDaIWaaiOOmTW...
14           https://www.youtube.com/c/pastel_imAhottie
15    https://www.youtube.com/channel/UCNaqXQLhcLUjf...
16    https://www.youtube.com/c/PastelPlotterSonoriz...
17    https://www.youtube.com/channel/UCFnUyWqZ2kJ3M...
18    https://www.youtube.com/channel/UCgbHSW3RTCHYD...
19       https://www.youtube.com/c/HelloPastelBlossomTV
Name: Ch_URL, dtype: object",Someone you loved-paralyzed-F.F.F- GLMV,https://www.youtube.com/watch?v=DecfMW4XVrI,2 years ago,79K views,81K subscribers
pastel,Pastel _Sisters,"0              https://www.youtube.com/c/WildPastelHair
1      https://www.youtube.com/c/AlessandraSantosPastel
2     https://www.youtube.com/channel/UCSF6vx__8xdAn...
3     https://www.youtube.com/channel/UCIjMZ-yxmkQNw...
4     https://www.youtube.com/channel/UCENUZbRr1cWOJ...
5     https://www.youtube.com/channel/UCTLvXWIDDkEmX...
6     https://www.youtube.com/channel/UCZVeE4pxO9Aqv...
7     https://www.youtube.com/channel/UC8zl8cNK71tTS...
8          https://www.youtube.com/c/PrettyPastelPlease
9     https://www.youtube.com/channel/UCH3y9O7pO-YYf...
10    https://www.youtube.com/channel/UCWbq9_8fq3Fqi...
11    https://www.youtube.com/channel/UC88YYy0Bsk9Vr...
12    https://www.youtube.com/channel/UCvU3Lrgb4cPOs...
13    https://www.youtube.com/channel/UCDaIWaaiOOmTW...
14           https://www.youtube.com/c/pastel_imAhottie
15    https://www.youtube.com/channel/UCNaqXQLhcLUjf...
16    https://www.youtube.com/c/PastelPlotterSonoriz...
17    https://www.youtube.com/channel/UCFnUyWqZ2kJ3M...
18    https://www.youtube.com/channel/UCgbHSW3RTCHYD...
19       https://www.youtube.com/c/HelloPastelBlossomTV
Name: Ch_URL, dtype: object",Michelle | gcmv | gacha Club music video ‚ú® Blood warning ‚ùóÔ∏è,https://www.youtube.com/watch?v=bp5YrqJVCqc,6 months ago,70K views,81K subscribers
pastel,Pastel _Sisters,"0              https://www.youtube.com/c/WildPastelHair
1      https://www.youtube.com/c/AlessandraSantosPastel
2     https://www.youtube.com/channel/UCSF6vx__8xdAn...
3     https://www.youtube.com/channel/UCIjMZ-yxmkQNw...
4     https://www.youtube.com/channel/UCENUZbRr1cWOJ...
5     https://www.youtube.com/channel/UCTLvXWIDDkEmX...
6     https://www.youtube.com/channel/UCZVeE4pxO9Aqv...
7     https://www.youtube.com/channel/UC8zl8cNK71tTS...
8          https://www.youtube.com/c/PrettyPastelPlease
9     https://www.youtube.com/channel/UCH3y9O7pO-YYf...
10    https://www.youtube.com/channel/UCWbq9_8fq3Fqi...
11    https://www.youtube.com/channel/UC88YYy0Bsk9Vr...
12    https://www.youtube.com/channel/UCvU3Lrgb4cPOs...
13    https://www.youtube.com/channel/UCDaIWaaiOOmTW...
14           https://www.youtube.com/c/pastel_imAhottie
15    https://www.youtube.com/channel/UCNaqXQLhcLUjf...
16    https://www.youtube.com/c/PastelPlotterSonoriz...
17    https://www.youtube.com/channel/UCFnUyWqZ2kJ3M...
18    https://www.youtube.com/channel/UCgbHSW3RTCHYD...
19       https://www.youtube.com/c/HelloPastelBlossomTV
Name: Ch_URL, dtype: object",üß°üëÅ Orange Eyes üëÅüß° Meme üß° Gacha Life üß°,https://www.youtube.com/watch?v=D_xCZWJaeZs,8 months ago,57K views,81K subscribers
pastel,Pastel _Sisters,"0              https://www.youtube.com/c/WildPastelHair
1      https://www.youtube.com/c/AlessandraSantosPastel
2     https://www.youtube.com/channel/UCSF6vx__8xdAn...
3     https://www.youtube.com/channel/UCIjMZ-yxmkQNw...
4     https://www.youtube.com/channel/UCENUZbRr1cWOJ...
5     https://www.youtube.com/channel/UCTLvXWIDDkEmX...
6     https://www.youtube.com/channel/UCZVeE4pxO9Aqv...
7     https://www.youtube.com/channel/UC8zl8cNK71tTS...
8          https://www.youtube.com/c/PrettyPastelPlease
9     https://www.youtube.com/channel/UCH3y9O7pO-YYf...
10    https://www.youtube.com/channel/UCWbq9_8fq3Fqi...
11    https://www.youtube.com/channel/UC88YYy0Bsk9Vr...
12    https://www.youtube.com/channel/UCvU3Lrgb4cPOs...
13    https://www.youtube.com/channel/UCDaIWaaiOOmTW...
14           https://www.youtube.com/c/pastel_imAhottie
15    https://www.youtube.com/channel/UCNaqXQLhcLUjf...
16    https://www.youtube.com/c/PastelPlotterSonoriz...
17    https://www.youtube.com/channel/UCFnUyWqZ2kJ3M...
18    https://www.youtube.com/channel/UCgbHSW3RTCHYD...
19       https://www.youtube.com/c/HelloPastelBlossomTV
Name: Ch_URL, dtype: object",Unbreakable GLMV             *opis*,https://www.youtube.com/watch?v=fKmztfbcyWo,2 years ago,45K views,81K subscribers
pastel,Pastel _Sisters,"0              https://www.youtube.com/c/WildPastelHair
1      https://www.youtube.com/c/AlessandraSantosPastel
2     https://www.youtube.com/channel/UCSF6vx__8xdAn...
3     https://www.youtube.com/channel/UCIjMZ-yxmkQNw...
4     https://www.youtube.com/channel/UCENUZbRr1cWOJ...
5     https://www.youtube.com/channel/UCTLvXWIDDkEmX...
6     https://www.youtube.com/channel/UCZVeE4pxO9Aqv...
7     https://www.youtube.com/channel/UC8zl8cNK71tTS...
8          https://www.youtube.com/c/PrettyPastelPlease
9     https://www.youtube.com/channel/UCH3y9O7pO-YYf...
10    https://www.youtube.com/channel/UCWbq9_8fq3Fqi...
11    https://www.youtube.com/channel/UC88YYy0Bsk9Vr...
12    https://www.youtube.com/channel/UCvU3Lrgb4cPOs...
13    https://www.youtube.com/channel/UCDaIWaaiOOmTW...
14           https://www.youtube.com/c/pastel_imAhottie
15    https://www.youtube.com/channel/UCNaqXQLhcLUjf...
16    https://www.youtube.com/c/PastelPlotterSonoriz...
17    https://www.youtube.com/channel/UCFnUyWqZ2kJ3M...
18    https://www.youtube.com/channel/UCgbHSW3RTCHYD...
19       https://www.youtube.com/c/HelloPastelBlossomTV
Name: Ch_URL, dtype: object",Murder mystery ~ pl glmm,https://www.youtube.com/watch?v=1xi0Nqk_HDQ,1 year ago,44K views,81K subscribers
pastel,Pastel _Sisters,"0              https://www.youtube.com/c/WildPastelHair
1      https://www.youtube.com/c/AlessandraSantosPastel
2     https://www.youtube.com/channel/UCSF6vx__8xdAn...
3     https://www.youtube.com/channel/UCIjMZ-yxmkQNw...
4     https://www.youtube.com/channel/UCENUZbRr1cWOJ...
5     https://www.youtube.com/channel/UCTLvXWIDDkEmX...
6     https://www.youtube.com/channel/UCZVeE4pxO9Aqv...
7     https://www.youtube.com/channel/UC8zl8cNK71tTS...
8          https://www.youtube.com/c/PrettyPastelPlease
9     https://www.youtube.com/channel/UCH3y9O7pO-YYf...
10    https://www.youtube.com/channel/UCWbq9_8fq3Fqi...
11    https://www.youtube.com/channel/UC88YYy0Bsk9Vr...
12    https://www.youtube.com/channel/UCvU3Lrgb4cPOs...
13    https://www.youtube.com/channel/UCDaIWaaiOOmTW...
14           https://www.youtube.com/c/pastel_imAhottie
15    https://www.youtube.com/channel/UCNaqXQLhcLUjf...
16    https://www.youtube.com/c/PastelPlotterSonoriz...
17    https://www.youtube.com/channel/UCFnUyWqZ2kJ3M...
18    https://www.youtube.com/channel/UCgbHSW3RTCHYD...
19       https://www.youtube.com/c/HelloPastelBlossomTV
Name: Ch_URL, dtype: object",Syrena...  pl glmm,https://www.youtube.com/watch?v=VAyed21CNzQ,1 year ago,32K views,81K subscribers
pastel,Pastel _Sisters,"0              https://www.youtube.com/c/WildPastelHair
1      https://www.youtube.com/c/AlessandraSantosPastel
2     https://www.youtube.com/channel/UCSF6vx__8xdAn...
3     https://www.youtube.com/channel/UCIjMZ-yxmkQNw...
4     https://www.youtube.com/channel/UCENUZbRr1cWOJ...
5     https://www.youtube.com/channel/UCTLvXWIDDkEmX...
6     https://www.youtube.com/channel/UCZVeE4pxO9Aqv...
7     https://www.youtube.com/channel/UC8zl8cNK71tTS...
8          https://www.youtube.com/c/PrettyPastelPlease
9     https://www.youtube.com/channel/UCH3y9O7pO-YYf...
10    https://www.youtube.com/channel/UCWbq9_8fq3Fqi...
11    https://www.youtube.com/channel/UC88YYy0Bsk9Vr...
12    https://www.youtube.com/channel/UCvU3Lrgb4cPOs...
13    https://www.youtube.com/channel/UCDaIWaaiOOmTW...
14           https://www.youtube.com/c/pastel_imAhottie
15    https://www.youtube.com/channel/UCNaqXQLhcLUjf...
16    https://www.youtube.com/c/PastelPlotterSonoriz...
17    https://www.youtube.com/channel/UCFnUyWqZ2kJ3M...
18    https://www.youtube.com/channel/UCgbHSW3RTCHYD...
19       https://www.youtube.com/c/HelloPastelBlossomTV
Name: Ch_URL, dtype: object",kiedy≈õ siƒô spotkamy.... glmm,https://www.youtube.com/watch?v=bov29_zXuU4,2 years ago,31K views,81K subscribers
pastel,Pastel _Sisters,"0              https://www.youtube.com/c/WildPastelHair
1      https://www.youtube.com/c/AlessandraSantosPastel
2     https://www.youtube.com/channel/UCSF6vx__8xdAn...
3     https://www.youtube.com/channel/UCIjMZ-yxmkQNw...
4     https://www.youtube.com/channel/UCENUZbRr1cWOJ...
5     https://www.youtube.com/channel/UCTLvXWIDDkEmX...
6     https://www.youtube.com/channel/UCZVeE4pxO9Aqv...
7     https://www.youtube.com/channel/UC8zl8cNK71tTS...
8          https://www.youtube.com/c/PrettyPastelPlease
9     https://www.youtube.com/channel/UCH3y9O7pO-YYf...
10    https://www.youtube.com/channel/UCWbq9_8fq3Fqi...
11    https://www.youtube.com/channel/UC88YYy0Bsk9Vr...
12    https://www.youtube.com/channel/UCvU3Lrgb4cPOs...
13    https://www.youtube.com/channel/UCDaIWaaiOOmTW...
14           https://www.youtube.com/c/pastel_imAhottie
15    https://www.youtube.com/channel/UCNaqXQLhcLUjf...
16    https://www.youtube.com/c/PastelPlotterSonoriz...
17    https://www.youtube.com/channel/UCFnUyWqZ2kJ3M...
18    https://www.youtube.com/channel/UCgbHSW3RTCHYD...
19       https://www.youtube.com/c/HelloPastelBlossomTV
Name: Ch_URL, dtype: object",Copycat~GLMV,https://www.youtube.com/watch?v=q5kLpJAXIfc,2 years ago,28K views,81K subscribers
pastel,Pastel _Sisters,"0              https://www.youtube.com/c/WildPastelHair
1      https://www.youtube.com/c/AlessandraSantosPastel
2     https://www.youtube.com/channel/UCSF6vx__8xdAn...
3     https://www.youtube.com/channel/UCIjMZ-yxmkQNw...
4     https://www.youtube.com/channel/UCENUZbRr1cWOJ...
5     https://www.youtube.com/channel/UCTLvXWIDDkEmX...
6     https://www.youtube.com/channel/UCZVeE4pxO9Aqv...
7     https://www.youtube.com/channel/UC8zl8cNK71tTS...
8          https://www.youtube.com/c/PrettyPastelPlease
9     https://www.youtube.com/channel/UCH3y9O7pO-YYf...
10    https://www.youtube.com/channel/UCWbq9_8fq3Fqi...
11    https://www.youtube.com/channel/UC88YYy0Bsk9Vr...
12    https://www.youtube.com/channel/UCvU3Lrgb4cPOs...
13    https://www.youtube.com/channel/UCDaIWaaiOOmTW...
14           https://www.youtube.com/c/pastel_imAhottie
15    https://www.youtube.com/channel/UCNaqXQLhcLUjf...
16    https://www.youtube.com/c/PastelPlotterSonoriz...
17    https://www.youtube.com/channel/UCFnUyWqZ2kJ3M...
18    https://www.youtube.com/channel/UCgbHSW3RTCHYD...
19       https://www.youtube.com/c/HelloPastelBlossomTV
Name: Ch_URL, dtype: object",Zawsze z tobƒÖ GLMM      *opis*,https://www.youtube.com/watch?v=GC6riBLfyOk,2 years ago,27K views,81K subscribers
pastel,Pastel _Sisters,"0              https://www.youtube.com/c/WildPastelHair
1      https://www.youtube.com/c/AlessandraSantosPastel
2     https://www.youtube.com/channel/UCSF6vx__8xdAn...
3     https://www.youtube.com/channel/UCIjMZ-yxmkQNw...
4     https://www.youtube.com/channel/UCENUZbRr1cWOJ...
5     https://www.youtube.com/channel/UCTLvXWIDDkEmX...
6     https://www.youtube.com/channel/UCZVeE4pxO9Aqv...
7     https://www.youtube.com/channel/UC8zl8cNK71tTS...
8          https://www.youtube.com/c/PrettyPastelPlease
9     https://www.youtube.com/channel/UCH3y9O7pO-YYf...
10    https://www.youtube.com/channel/UCWbq9_8fq3Fqi...
11    https://www.youtube.com/channel/UC88YYy0Bsk9Vr...
12    https://www.youtube.com/channel/UCvU3Lrgb4cPOs...
13    https://www.youtube.com/channel/UCDaIWaaiOOmTW...
14           https://www.youtube.com/c/pastel_imAhottie
15    https://www.youtube.com/channel/UCNaqXQLhcLUjf...
16    https://www.youtube.com/c/PastelPlotterSonoriz...
17    https://www.youtube.com/channel/UCFnUyWqZ2kJ3M...
18    https://www.youtube.com/channel/UCgbHSW3RTCHYD...
19       https://www.youtube.com/c/HelloPastelBlossomTV
Name: Ch_URL, dtype: object",‚ù§Ô∏èüëø I‚Äôm Girl Not A Boy ü§Øüò° GachaLife ‚ù§Ô∏è Meme ‚ù§Ô∏è,https://www.youtube.com/watch?v=tjhNfyWGh48,8 months ago,18K views,81K subscribers
pastel,Pastel _Sisters,"0              https://www.youtube.com/c/WildPastelHair
1      https://www.youtube.com/c/AlessandraSantosPastel
2     https://www.youtube.com/channel/UCSF6vx__8xdAn...
3     https://www.youtube.com/channel/UCIjMZ-yxmkQNw...
4     https://www.youtube.com/channel/UCENUZbRr1cWOJ...
5     https://www.youtube.com/channel/UCTLvXWIDDkEmX...
6     https://www.youtube.com/channel/UCZVeE4pxO9Aqv...
7     https://www.youtube.com/channel/UC8zl8cNK71tTS...
8          https://www.youtube.com/c/PrettyPastelPlease
9     https://www.youtube.com/channel/UCH3y9O7pO-YYf...
10    https://www.youtube.com/channel/UCWbq9_8fq3Fqi...
11    https://www.youtube.com/channel/UC88YYy0Bsk9Vr...
12    https://www.youtube.com/channel/UCvU3Lrgb4cPOs...
13    https://www.youtube.com/channel/UCDaIWaaiOOmTW...
14           https://www.youtube.com/c/pastel_imAhottie
15    https://www.youtube.com/channel/UCNaqXQLhcLUjf...
16    https://www.youtube.com/c/PastelPlotterSonoriz...
17    https://www.youtube.com/channel/UCFnUyWqZ2kJ3M...
18    https://www.youtube.com/channel/UCgbHSW3RTCHYD...
19       https://www.youtube.com/c/HelloPastelBlossomTV
Name: Ch_URL, dtype: object",Dna ~ glmv,https://www.youtube.com/watch?v=S_RKI_qhEog,1 year ago,15K views,81K subscribers
pastel,Pastel _Sisters,"0              https://www.youtube.com/c/WildPastelHair
1      https://www.youtube.com/c/AlessandraSantosPastel
2     https://www.youtube.com/channel/UCSF6vx__8xdAn...
3     https://www.youtube.com/channel/UCIjMZ-yxmkQNw...
4     https://www.youtube.com/channel/UCENUZbRr1cWOJ...
5     https://www.youtube.com/channel/UCTLvXWIDDkEmX...
6     https://www.youtube.com/channel/UCZVeE4pxO9Aqv...
7     https://www.youtube.com/channel/UC8zl8cNK71tTS...
8          https://www.youtube.com/c/PrettyPastelPlease
9     https://www.youtube.com/channel/UCH3y9O7pO-YYf...
10    https://www.youtube.com/channel/UCWbq9_8fq3Fqi...
11    https://www.youtube.com/channel/UC88YYy0Bsk9Vr...
12    https://www.youtube.com/channel/UCvU3Lrgb4cPOs...
13    https://www.youtube.com/channel/UCDaIWaaiOOmTW...
14           https://www.youtube.com/c/pastel_imAhottie
15    https://www.youtube.com/channel/UCNaqXQLhcLUjf...
16    https://www.youtube.com/c/PastelPlotterSonoriz...
17    https://www.youtube.com/channel/UCFnUyWqZ2kJ3M...
18    https://www.youtube.com/channel/UCgbHSW3RTCHYD...
19       https://www.youtube.com/c/HelloPastelBlossomTV
Name: Ch_URL, dtype: object",Oh My God I Think I‚Äôm Dying | Meme | Attack on titan |,https://www.youtube.com/watch?v=PeU6KT2E4Bo,8 months ago,14K views,81K subscribers
pastel,Pastel _Sisters,"0              https://www.youtube.com/c/WildPastelHair
1      https://www.youtube.com/c/AlessandraSantosPastel
2     https://www.youtube.com/channel/UCSF6vx__8xdAn...
3     https://www.youtube.com/channel/UCIjMZ-yxmkQNw...
4     https://www.youtube.com/channel/UCENUZbRr1cWOJ...
5     https://www.youtube.com/channel/UCTLvXWIDDkEmX...
6     https://www.youtube.com/channel/UCZVeE4pxO9Aqv...
7     https://www.youtube.com/channel/UC8zl8cNK71tTS...
8          https://www.youtube.com/c/PrettyPastelPlease
9     https://www.youtube.com/channel/UCH3y9O7pO-YYf...
10    https://www.youtube.com/channel/UCWbq9_8fq3Fqi...
11    https://www.youtube.com/channel/UC88YYy0Bsk9Vr...
12    https://www.youtube.com/channel/UCvU3Lrgb4cPOs...
13    https://www.youtube.com/channel/UCDaIWaaiOOmTW...
14           https://www.youtube.com/c/pastel_imAhottie
15    https://www.youtube.com/channel/UCNaqXQLhcLUjf...
16    https://www.youtube.com/c/PastelPlotterSonoriz...
17    https://www.youtube.com/channel/UCFnUyWqZ2kJ3M...
18    https://www.youtube.com/channel/UCgbHSW3RTCHYD...
19       https://www.youtube.com/c/HelloPastelBlossomTV
Name: Ch_URL, dtype: object",Mia... / pl glmm,https://www.youtube.com/watch?v=2C0ucHTiVwo,1 year ago,13K views,81K subscribers
