Category,Channel,Ch_URL,Titles,Video_URL,Date,View_2021-11-17,Subs_2021-11-17
pastel,Pastel,https://www.youtube.com/c/WildPastelHair,MON CHIEN GO√õTE DES FRUITS ET L√âGUMES #2,https://www.youtube.com/watch?v=WT6GkJzvu2I,h√° 4 anos,3 800000,38400
pastel,Pastel,https://www.youtube.com/c/WildPastelHair,MON CHIEN GO√õTE DES FRUITS ET L√âGUMES,https://www.youtube.com/watch?v=9jWxDsb8I1w,h√° 4 anos,1 600000,38400
pastel,Pastel,https://www.youtube.com/c/WildPastelHair,MON CHIEN CR√âE SON SIMS,https://www.youtube.com/watch?v=gJZKF_42ybA,h√° 3 anos,1 500000,38400
pastel,Pastel,https://www.youtube.com/c/WildPastelHair,"AP√âRO POUR CHIEN : PIZZAS, BI√àRES ET CHIPS !",https://www.youtube.com/watch?v=ns_dzpTgre4,h√° 4 anos,1 500000,38400
pastel,Pastel,https://www.youtube.com/c/WildPastelHair,D√âGUSTATION | Nouveaut√©s de supermarch√© #2,https://www.youtube.com/watch?v=7vvtFcG_Nsk,h√° 5 anos,1 400000,38400
pastel,Pastel,https://www.youtube.com/c/WildPastelHair,CHICHOU OUVRE UNE BOX SURPRISE,https://www.youtube.com/watch?v=IPeA_tyiV2E,h√° 5 anos,1 200000,38400
pastel,Pastel,https://www.youtube.com/c/WildPastelHair,COLORATION √Ä LA BETTERAVE,https://www.youtube.com/watch?v=xk0742iEJOk,h√° 4 anos,100000,38400
pastel,Pastel,https://www.youtube.com/c/WildPastelHair,D√©coloration : de brune √† blond platine,https://www.youtube.com/watch?v=cLOCP-v5fc0,h√° 7 anos,96600,38400
pastel,Pastel,https://www.youtube.com/c/WildPastelHair,MON CHIEN CHOISIT MON MAKEUP,https://www.youtube.com/watch?v=ns6W1T-2lDU,h√° 3 anos,83600,38400
pastel,Pastel,https://www.youtube.com/c/WildPastelHair,D√âGUSTATION | ... pour chiens !,https://www.youtube.com/watch?v=xBWZfwdJbVc,h√° 5 anos,79600,38400
pastel,Pastel,https://www.youtube.com/c/WildPastelHair,"UNE COLORATION AU ""NUTELLA"" ?",https://www.youtube.com/watch?v=TAQnIXdz3kk,h√° 4 anos,79100,38400
pastel,Pastel,https://www.youtube.com/c/WildPastelHair,MON CHIEN GO√õTE DES FRUITS ET L√âGUMES #4,https://www.youtube.com/watch?v=w44EqkUdCcw,h√° 3 anos,68700,38400
pastel,Pastel,https://www.youtube.com/c/WildPastelHair,UNBOXING & D√âGUSTATION | POUR CHIEN & CHAT,https://www.youtube.com/watch?v=6uBn0tIEpyg,h√° 4 anos,67200,38400
pastel,Pastel,https://www.youtube.com/c/WildPastelHair,Challenge | My Boyfriend Cuts My Hair,https://www.youtube.com/watch?v=sD67Ft1VMTo,h√° 7 anos,63900,38400
pastel,Pastel,https://www.youtube.com/c/WildPastelHair,TEST | Perle d'Argent de Garnier | Gris et blanc,https://www.youtube.com/watch?v=nL3LRCN569w,h√° 6 anos,61800,38400
pastel,Pastel,https://www.youtube.com/c/WildPastelHair,CRASH TEST | COLORATION BLEUE BIO ?!,https://www.youtube.com/watch?v=C9xqKnMdoXU,h√° 4 anos,60900,38400
pastel,Pastel,https://www.youtube.com/c/WildPastelHair,DE BRUNE √Ä LILAS EN 3 √âTAPES,https://www.youtube.com/watch?v=lM8QKcYzFw8,h√° 4 anos,60700,38400
pastel,Pastel,https://www.youtube.com/c/WildPastelHair,COLORATION JAUNE AU CURCUMA,https://www.youtube.com/watch?v=-PV7vXKKULI,h√° 4 anos,60000,38400
pastel,Pastel,https://www.youtube.com/c/WildPastelHair,D√âGUSTATION USA POUR CHIEN,https://www.youtube.com/watch?v=uZHvPkvq3Yw,h√° 5 anos,59800,38400
pastel,Pastel,https://www.youtube.com/c/WildPastelHair,VIVIDS MOOD COLOR PRAVANA | üî•‚ùÑÔ∏è,https://www.youtube.com/watch?v=cxuZT6wHjmY,h√° 4 anos,58600,38400
pastel,Pastel,https://www.youtube.com/c/WildPastelHair,COLORATION AU CHARBON ? - CRASHTEST,https://www.youtube.com/watch?v=eX9biEkr_qg,h√° 3 anos,53400,38400
pastel,Pastel,https://www.youtube.com/c/WildPastelHair,COLORATION AU PAPIER CR√äPON #2,https://www.youtube.com/watch?v=KhTwBXRkfGQ,h√° 5 anos,52300,38400
pastel,Pastel,https://www.youtube.com/c/WildPastelHair,L'ARNAQUE DES MAISONS EN PAIN D'√âPICES,https://www.youtube.com/watch?v=wlQ-mX0wvLs,h√° 3 anos,51300,38400
pastel,Pastel,https://www.youtube.com/c/WildPastelHair,COLORATION AU PAPIER CR√äPON ?,https://www.youtube.com/watch?v=O7MMOj7ZBTY,h√° 5 anos,51200,38400
pastel,Pastel,https://www.youtube.com/c/WildPastelHair,"CRASH TEST | Le ""Shampoing Am√©ricain""",https://www.youtube.com/watch?v=_QlgtA8FcHk,h√° 6 anos,49600,38400
pastel,Pastel,https://www.youtube.com/c/WildPastelHair,CHICHOU OUVRE SA WOUFBOX,https://www.youtube.com/watch?v=JB1rzAyuZj8,h√° 5 anos,48300,38400
pastel,Pastel,https://www.youtube.com/c/WildPastelHair,CHICHOU & SA WOUFBOX DE MAI,https://www.youtube.com/watch?v=msfa9QC3iUQ,h√° 5 anos,47400,38400
pastel,Pastel,https://www.youtube.com/c/WildPastelHair,COLORATION AU ROUGE √Ä L√àVRES ?,https://www.youtube.com/watch?v=tNRtTzA59N0,h√° 4 anos,46900,38400
pastel,Pastel,https://www.youtube.com/c/WildPastelHair,LE BU ME COLORE LES CHEVEUX,https://www.youtube.com/watch?v=vl7iMHRtKYQ,h√° 4 anos,43000,38400
pastel,Pastel,https://www.youtube.com/c/WildPastelHair,UNE P√ÇTE COLORANTE ? FT. MON COPAIN,https://www.youtube.com/watch?v=URzEqZe9XiE,h√° 3 anos,42600,38400
pastel,Pastel,https://www.youtube.com/c/WildPastelHair,CHICHOU OUVRE SA PETYBOX + CONCOURS,https://www.youtube.com/watch?v=VLe8YJmbmgo,h√° 4 anos,42100,38400
pastel,Pastel,https://www.youtube.com/c/WildPastelHair,D√âGUSTATION | Nouveaut√©s de Supermarch√© #3,https://www.youtube.com/watch?v=s3os7OsnXTw,h√° 5 anos,39100,38400
pastel,Pastel,https://www.youtube.com/c/WildPastelHair,La minute Pastel | PR√âSENTATION,https://www.youtube.com/watch?v=PKPOrTeJ5O8,h√° 7 anos,38400,38400
pastel,Pastel,https://www.youtube.com/c/WildPastelHair,DU KETCHUP POUR D√âVERDIR (2√àME ESSAI),https://www.youtube.com/watch?v=4setVeC6UQw,h√° 4 anos,38200,38400
pastel,Pastel,https://www.youtube.com/c/WildPastelHair,GO√õTERS D'ENFANCE (PIMENT√âS) üå∂Ô∏è‚Äè,https://www.youtube.com/watch?v=9_quQNKRzhA,h√° 4 anos,37700,38400
pastel,Pastel,https://www.youtube.com/c/WildPastelHair,LE PASTEL SUR LES BRUNES ? | QUESTION COLO,https://www.youtube.com/watch?v=R5rspCGiJ6Q,h√° 5 anos,36600,38400
pastel,Pastel,https://www.youtube.com/c/WildPastelHair,CALENDRIERS DE L'AVENT ORIGINAUX,https://www.youtube.com/watch?v=CptcpTgpDRU,h√° 3 anos,36000,38400
pastel,Pastel,https://www.youtube.com/c/WildPastelHair,LA D√âCOLORATION SANS LA CASSE ? | revue fibreplex,https://www.youtube.com/watch?v=AMuaxRs12Ro,h√° 5 anos,35100,38400
pastel,Pastel,https://www.youtube.com/c/WildPastelHair,D√âGUSTATION | Nouveaut√©s de supermarch√©,https://www.youtube.com/watch?v=VosX01IhzCU,h√° 6 anos,35000,38400
pastel,Pastel,https://www.youtube.com/c/WildPastelHair,UNBOXING AVEC CHICHOU,https://www.youtube.com/watch?v=3ytKykk0kFw,h√° 4 anos,34900,38400
