Category,Channel,Ch_URL,Titles,Video_URL,Videos,Date,View_2021-11-12,Subs_2021-11-12
only fans,Broke Mans Only Fans ,https://www.youtube.com/channel/UCJXc8agQ2_w1P0lJXy91VpQ,Lyna Perez Twerking Compilation (Part 2),https://www.youtube.com/watch?v=mdJjSyMbxGU,1,há 1 ano,89000,"2,9 "
only fans,Broke Mans Only Fans ,https://www.youtube.com/channel/UCJXc8agQ2_w1P0lJXy91VpQ,Lyna Perez Twerking Compilation (Part 3),https://www.youtube.com/watch?v=3jUJSdGDX6g,1,há 1 ano,75000,"2,9 "
only fans,Broke Mans Only Fans ,https://www.youtube.com/channel/UCJXc8agQ2_w1P0lJXy91VpQ,Lyna Perez Only Fans Live Compilation,https://www.youtube.com/watch?v=M1GwFVtpJjI,1,há 1 ano,45000,"2,9 "
only fans,Broke Mans Only Fans ,https://www.youtube.com/channel/UCJXc8agQ2_w1P0lJXy91VpQ,Lyna Perez Q&A | ONLY FANS LIVE,https://www.youtube.com/watch?v=-O5MXDXt75E,1,há 1 ano,37000,"2,9 "
only fans,Broke Mans Only Fans ,https://www.youtube.com/channel/UCJXc8agQ2_w1P0lJXy91VpQ,Raissa Barbosa Cozinhando de Calcinha | ONLY FANS LIVE,https://www.youtube.com/watch?v=xpLHr_8uiRc,1,há 1 ano,30000,"2,9 "
only fans,Broke Mans Only Fans ,https://www.youtube.com/channel/UCJXc8agQ2_w1P0lJXy91VpQ,Lyna Perez Twerking in Pink Underwear,https://www.youtube.com/watch?v=plPPf_UnEp8,1,há 1 ano,27000,"2,9 "
only fans,Broke Mans Only Fans ,https://www.youtube.com/channel/UCJXc8agQ2_w1P0lJXy91VpQ,Victoria Matosa Q&A | ONLY FANS LIVE,https://www.youtube.com/watch?v=fQvIOSvPEqw,1,há 1 ano,26000,"2,9 "
only fans,Broke Mans Only Fans ,https://www.youtube.com/channel/UCJXc8agQ2_w1P0lJXy91VpQ,LaynaBoo is such a Sexy Housemaid | ONLY FANS LIVE,https://www.youtube.com/watch?v=ZdENG9SUZwk,1,há 1 ano,25000,"2,9 "
only fans,Broke Mans Only Fans ,https://www.youtube.com/channel/UCJXc8agQ2_w1P0lJXy91VpQ,Lyna Perez Twerking and Cooking | ONLY FANS LIVE,https://www.youtube.com/watch?v=DyXBIFhaB2w,1,há 1 ano,24000,"2,9 "
only fans,Broke Mans Only Fans ,https://www.youtube.com/channel/UCJXc8agQ2_w1P0lJXy91VpQ,Victoria Matosa Bailando Sexy | ONLY FANS LIVE,https://www.youtube.com/watch?v=Zi_D1TUEMjQ,1,há 1 ano,21000,"2,9 "
only fans,Broke Mans Only Fans ,https://www.youtube.com/channel/UCJXc8agQ2_w1P0lJXy91VpQ,Only Fans Twerk Compilation (Part 1),https://www.youtube.com/watch?v=pQrtp7Cunxg,1,há 1 ano,21000,"2,9 "
only fans,Broke Mans Only Fans ,https://www.youtube.com/channel/UCJXc8agQ2_w1P0lJXy91VpQ,SexyNatG is so fine (Part 1) | ONLY FANS LIVE,https://www.youtube.com/watch?v=YlPVRSenK8c,1,há 1 ano,19000,"2,9 "
only fans,Broke Mans Only Fans ,https://www.youtube.com/channel/UCJXc8agQ2_w1P0lJXy91VpQ,Jill Hardener | Tattoo Tour | ONLY FANS LIVE,https://www.youtube.com/watch?v=qSrMYR5iM-A,1,há 1 ano,18000,"2,9 "
only fans,Broke Mans Only Fans ,https://www.youtube.com/channel/UCJXc8agQ2_w1P0lJXy91VpQ,Violet Summers Showing off Her Body | ONLY FANS LIVE,https://www.youtube.com/watch?v=nRWmzVN4gzE,1,há 1 ano,18000,"2,9 "
only fans,Broke Mans Only Fans ,https://www.youtube.com/channel/UCJXc8agQ2_w1P0lJXy91VpQ,Lyna Perez Twerking in the Pool | ONLY FANS LIVE,https://www.youtube.com/watch?v=nh1MD3I8IMk,1,há 1 ano,17000,"2,9 "
only fans,Broke Mans Only Fans ,https://www.youtube.com/channel/UCJXc8agQ2_w1P0lJXy91VpQ,Lyna Perez Twerking Compilation (Part 1),https://www.youtube.com/watch?v=-1uxNjekAMY,1,há 1 ano,17000,"2,9 "
only fans,Broke Mans Only Fans ,https://www.youtube.com/channel/UCJXc8agQ2_w1P0lJXy91VpQ,Raissa Barbosa | ONLY FANS LIVE,https://www.youtube.com/watch?v=_PFfEeRO2HU,1,há 1 ano,15000,"2,9 "
only fans,Broke Mans Only Fans ,https://www.youtube.com/channel/UCJXc8agQ2_w1P0lJXy91VpQ,Gabriela Prioli e Anitta | Instagram Live,https://www.youtube.com/watch?v=EhvsEMDxf_s,1,há 1 ano,13000,"2,9 "
only fans,Broke Mans Only Fans ,https://www.youtube.com/channel/UCJXc8agQ2_w1P0lJXy91VpQ,Lyna Perez Plays This or That 2021,https://www.youtube.com/watch?v=W3ayfLhbH_k,1,há 10 meses,13000,"2,9 "
only fans,Broke Mans Only Fans ,https://www.youtube.com/channel/UCJXc8agQ2_w1P0lJXy91VpQ,Violet Summers Twerking in the Shower | ONLY FANS LIVE,https://www.youtube.com/watch?v=LqK1L9fD4V8,1,há 1 ano,12000,"2,9 "
only fans,Broke Mans Only Fans ,https://www.youtube.com/channel/UCJXc8agQ2_w1P0lJXy91VpQ,Walmart Kidnapping Caught On Camera,https://www.youtube.com/watch?v=Hyrlzpt9Ee8,1,há 4 anos,11000,"2,9 "
only fans,Broke Mans Only Fans ,https://www.youtube.com/channel/UCJXc8agQ2_w1P0lJXy91VpQ,Victoria Matosa Sexy | ONLY FANS LIVE,https://www.youtube.com/watch?v=rWcwcFqSGZE,1,há 1 ano,11000,"2,9 "
only fans,Broke Mans Only Fans ,https://www.youtube.com/channel/UCJXc8agQ2_w1P0lJXy91VpQ,90's Sitcom Laugh Track (When Someone Walks Into A Room),https://www.youtube.com/watch?v=eX5KYjLG6CM,1,há 4 anos,11000,"2,9 "
only fans,Broke Mans Only Fans ,https://www.youtube.com/channel/UCJXc8agQ2_w1P0lJXy91VpQ,Lyna Perez Twerking and Dancing | ONLY FANS LIVE,https://www.youtube.com/watch?v=KBVWfVLJ31Y,1,há 1 ano,11000,"2,9 "
only fans,Broke Mans Only Fans ,https://www.youtube.com/channel/UCJXc8agQ2_w1P0lJXy91VpQ,Victoria Matosa | ONLY FANS LIVE | June 2020,https://www.youtube.com/watch?v=rPweLHrG8ug,1,há 1 ano,11000,"2,9 "
only fans,Broke Mans Only Fans ,https://www.youtube.com/channel/UCJXc8agQ2_w1P0lJXy91VpQ,Lyna Perez Answering Questions on IG Live,https://www.youtube.com/watch?v=xqSfVr60nXI,1,há 1 ano,11000,"2,9 "
only fans,Broke Mans Only Fans ,https://www.youtube.com/channel/UCJXc8agQ2_w1P0lJXy91VpQ,Lyna Perez Twerking and Cooking Eggs | ONLY FANS LIVE,https://www.youtube.com/watch?v=CJ0iYkbaW7Q,1,há 1 ano,11000,"2,9 "
only fans,Broke Mans Only Fans ,https://www.youtube.com/channel/UCJXc8agQ2_w1P0lJXy91VpQ,Brittanya Razavi Twerks For Her Birthday | ONLY FANS LIVE,https://www.youtube.com/watch?v=AcHolOl6JYg,1,há 1 ano,10000,"2,9 "
only fans,Broke Mans Only Fans ,https://www.youtube.com/channel/UCJXc8agQ2_w1P0lJXy91VpQ,"Tory Lanez and Lizzo | Quarantine Radio | Instagram Live | April 13, 2020",https://www.youtube.com/watch?v=7dOYBEceA0k,1,há 1 ano,10000,"2,9 "
only fans,Broke Mans Only Fans ,https://www.youtube.com/channel/UCJXc8agQ2_w1P0lJXy91VpQ,Neiva Mara Twerking and Cleaning | ONLY FANS LIVE,https://www.youtube.com/watch?v=PV0qfh7WV7w,1,há 1 ano,"9,800","2,9 "
