User,Tweet,Date,Source,Profile Photo
leticia__siilva,@Aguiarthur SEGUE EUUUUUU ADM,Wed Jan 19 20:02:33 +0000 2022,"<a href=""http://twitter.com/download/android"" rel=""nofollow"">Twitter for Android</a>",http://pbs.twimg.com/profile_images/1482511528377131013/L9jhnXUK_normal.jpg
gleicegomess,@Aguiarthur ‚ú®,Wed Jan 19 20:02:22 +0000 2022,"<a href=""http://twitter.com/download/iphone"" rel=""nofollow"">Twitter for iPhone</a>",http://pbs.twimg.com/profile_images/1433517623250194445/ryWc9VLv_normal.jpg
dreewchangsz,@Aguiarthur ‚ú®,Wed Jan 19 20:02:21 +0000 2022,"<a href=""http://twitter.com/download/android"" rel=""nofollow"">Twitter for Android</a>",http://pbs.twimg.com/profile_images/1397011334424940544/hqDgh7zw_normal.jpg
tuitaciel,@Aguiarthur ‚ú®,Wed Jan 19 20:02:13 +0000 2022,"<a href=""http://twitter.com/download/android"" rel=""nofollow"">Twitter for Android</a>",http://pbs.twimg.com/profile_images/1476972433408237574/C-KPA_kM_normal.jpg
nandareality22,@Aguiarthur Me segueeeeee,Wed Jan 19 20:02:09 +0000 2022,"<a href=""http://twitter.com/download/android"" rel=""nofollow"">Twitter for Android</a>",http://pbs.twimg.com/profile_images/1483190928386969600/Q1FNP7j3_normal.jpg
mermaidxss,"RT @Aguiarthur: ‚ú® FOLLOW TRICK DO #TeamAguiar  ‚ú®

- RT e FAV
- Comente o emoji ‚ú®
- Seguir quem deu RT e FAV
- Seguir quem curtir seu emoji‚Ä¶",Wed Jan 19 20:02:09 +0000 2022,"<a href=""http://twitter.com/download/android"" rel=""nofollow"">Twitter for Android</a>",http://pbs.twimg.com/profile_images/1397614600691007491/oZnAYWl__normal.jpg
mermaidxss,@Aguiarthur ‚ú®‚ú®‚ú®,Wed Jan 19 20:02:03 +0000 2022,"<a href=""http://twitter.com/download/android"" rel=""nofollow"">Twitter for Android</a>",http://pbs.twimg.com/profile_images/1397614600691007491/oZnAYWl__normal.jpg
wolvinnie,@Aguiarthur Eu quero follow da lenda,Wed Jan 19 20:01:58 +0000 2022,"<a href=""http://twitter.com/download/android"" rel=""nofollow"">Twitter for Android</a>",http://pbs.twimg.com/profile_images/1483640629330649089/V1C2AXte_normal.jpg
BrunoPaulo777,@Aguiarthur Oi ADM ‚ú®,Wed Jan 19 20:01:58 +0000 2022,"<a href=""http://twitter.com/download/android"" rel=""nofollow"">Twitter for Android</a>",http://pbs.twimg.com/profile_images/1480030505508741120/uVvTJlTO_normal.jpg
tuitaciel,"RT @Aguiarthur: ‚ú® FOLLOW TRICK DO #TeamAguiar  ‚ú®

- RT e FAV
- Comente o emoji ‚ú®
- Seguir quem deu RT e FAV
- Seguir quem curtir seu emoji‚Ä¶",Wed Jan 19 20:01:55 +0000 2022,"<a href=""http://twitter.com/download/android"" rel=""nofollow"">Twitter for Android</a>",http://pbs.twimg.com/profile_images/1476972433408237574/C-KPA_kM_normal.jpg
BiatrizRodr42,@Aguiarthur ‚ú®,Wed Jan 19 20:01:43 +0000 2022,"<a href=""http://twitter.com/download/android"" rel=""nofollow"">Twitter for Android</a>",http://pbs.twimg.com/profile_images/1477396365596577792/e2vtSXSm_normal.jpg
vibes_aguiar,@Aguiarthur Segue aqui adm ‚ú®,Wed Jan 19 20:01:38 +0000 2022,"<a href=""http://twitter.com/download/iphone"" rel=""nofollow"">Twitter for iPhone</a>",http://pbs.twimg.com/profile_images/1482159528305168391/GdxvgO6B_normal.jpg
fedescco,"@Aguiarthur deixa eu ser o 460 do seguindo de voc√™s adm, me segue pf ‚ú®",Wed Jan 19 20:01:35 +0000 2022,"<a href=""http://twitter.com/download/iphone"" rel=""nofollow"">Twitter for iPhone</a>",http://pbs.twimg.com/profile_images/1472948871672303616/9RFP17qR_normal.jpg
BiatrizRodr42,"RT @Aguiarthur: ‚ú® FOLLOW TRICK DO #TeamAguiar  ‚ú®

- RT e FAV
- Comente o emoji ‚ú®
- Seguir quem deu RT e FAV
- Seguir quem curtir seu emoji‚Ä¶",Wed Jan 19 20:01:29 +0000 2022,"<a href=""http://twitter.com/download/android"" rel=""nofollow"">Twitter for Android</a>",http://pbs.twimg.com/profile_images/1477396365596577792/e2vtSXSm_normal.jpg
agrandonasemedo,"RT @Aguiarthur: ‚ú® FOLLOW TRICK DO #TeamAguiar  ‚ú®

- RT e FAV
- Comente o emoji ‚ú®
- Seguir quem deu RT e FAV
- Seguir quem curtir seu emoji‚Ä¶",Wed Jan 19 20:01:17 +0000 2022,"<a href=""http://twitter.com/download/android"" rel=""nofollow"">Twitter for Android</a>",http://pbs.twimg.com/profile_images/1483807230159990786/inbBPfT5_normal.jpg
agrandonasemedo,@Aguiarthur ‚ú®,Wed Jan 19 20:01:15 +0000 2022,"<a href=""http://twitter.com/download/android"" rel=""nofollow"">Twitter for Android</a>",http://pbs.twimg.com/profile_images/1483807230159990786/inbBPfT5_normal.jpg
marialu18985296,"RT @WeakpointRbr: @Aguiarthur Segue aqui, adm @iKannax üíõ",Wed Jan 19 20:01:04 +0000 2022,"<a href=""http://twitter.com/download/iphone"" rel=""nofollow"">Twitter for iPhone</a>",http://pbs.twimg.com/profile_images/1463901383619403781/M6tkRShr_normal.jpg
WeakpointRbr,"@Aguiarthur Segue aqui, adm @iKannax üíõ",Wed Jan 19 20:01:00 +0000 2022,"<a href=""http://twitter.com/download/android"" rel=""nofollow"">Twitter for Android</a>",http://pbs.twimg.com/profile_images/1483195563545927686/huEbkKRW_normal.jpg
carol_tombei,@oliveiraaellen_ @Aguiarthur ‚ú®üíö‚ú®üíö,Wed Jan 19 20:00:47 +0000 2022,"<a href=""http://twitter.com/download/iphone"" rel=""nofollow"">Twitter for iPhone</a>",http://pbs.twimg.com/profile_images/1483564700931665923/E-tVGK77_normal.jpg
cuscuzette,@Aguiarthur ‚ú®,Wed Jan 19 20:00:46 +0000 2022,"<a href=""http://twitter.com/download/iphone"" rel=""nofollow"">Twitter for iPhone</a>",http://pbs.twimg.com/profile_images/1482424515753914371/vUyLeasI_normal.jpg
carol_tombei,@oliveiraaellen_ @Aguiarthur Me segue adm,Wed Jan 19 20:00:40 +0000 2022,"<a href=""http://twitter.com/download/iphone"" rel=""nofollow"">Twitter for iPhone</a>",http://pbs.twimg.com/profile_images/1483564700931665923/E-tVGK77_normal.jpg
i4burihan,"RT @Aguiarthur: ‚ú® FOLLOW TRICK DO #TeamAguiar  ‚ú®

- RT e FAV
- Comente o emoji ‚ú®
- Seguir quem deu RT e FAV
- Seguir quem curtir seu emoji‚Ä¶",Wed Jan 19 20:00:27 +0000 2022,"<a href=""http://twitter.com/download/android"" rel=""nofollow"">Twitter for Android</a>",http://pbs.twimg.com/profile_images/1483564894456791042/2FHTNtZx_normal.jpg
O_Leandros,"RT @Aguiarthur: ‚ú® FOLLOW TRICK DO #TeamAguiar  ‚ú®

- RT e FAV
- Comente o emoji ‚ú®
- Seguir quem deu RT e FAV
- Seguir quem curtir seu emoji‚Ä¶",Wed Jan 19 20:00:06 +0000 2022,"<a href=""http://twitter.com/download/android"" rel=""nofollow"">Twitter for Android</a>",http://pbs.twimg.com/profile_images/1259886521731121152/NiqRMBuW_normal.jpg
cuscuzette,@Aguiarthur ‚ú®,Wed Jan 19 20:00:05 +0000 2022,"<a href=""http://twitter.com/download/iphone"" rel=""nofollow"">Twitter for iPhone</a>",http://pbs.twimg.com/profile_images/1482424515753914371/vUyLeasI_normal.jpg
i4burihan,@Aguiarthur ADM ME SEGUE ‚ú®‚ú®‚ú®,Wed Jan 19 19:59:53 +0000 2022,"<a href=""http://twitter.com/download/android"" rel=""nofollow"">Twitter for Android</a>",http://pbs.twimg.com/profile_images/1483564894456791042/2FHTNtZx_normal.jpg
SimoneNaeRobson,Ele t√° chegandoooo  @Aguiarthur https://t.co/FikIf6Dovh,Wed Jan 19 19:59:51 +0000 2022,"<a href=""http://twitter.com/download/android"" rel=""nofollow"">Twitter for Android</a>",http://pbs.twimg.com/profile_images/1403714996001980420/R10WJ0Zu_normal.jpg
O_Leandros,@Aguiarthur ‚ú®,Wed Jan 19 19:59:49 +0000 2022,"<a href=""http://twitter.com/download/android"" rel=""nofollow"">Twitter for Android</a>",http://pbs.twimg.com/profile_images/1259886521731121152/NiqRMBuW_normal.jpg
i4burihan,@Aguiarthur ADM ME SEGUE ‚ú®‚ú®,Wed Jan 19 19:59:45 +0000 2022,"<a href=""http://twitter.com/download/android"" rel=""nofollow"">Twitter for Android</a>",http://pbs.twimg.com/profile_images/1483564894456791042/2FHTNtZx_normal.jpg
aIexadmies,@Aguiarthur N ESQUECE DE MIM ADM #TeamAguiar  #TeamAguiar  #TeamAguiar  #TeamAguiar  #TeamAguiar @Aguiarthur c,Wed Jan 19 19:59:43 +0000 2022,"<a href=""http://twitter.com/download/iphone"" rel=""nofollow"">Twitter for iPhone</a>",http://pbs.twimg.com/profile_images/1483892475110510604/NKZsz02a_normal.jpg
Luizaacomenta,@Aguiarthur @isinha__01 ‚ú®,Wed Jan 19 19:59:41 +0000 2022,"<a href=""https://mobile.twitter.com"" rel=""nofollow"">Twitter Web App</a>",http://pbs.twimg.com/profile_images/1415258474636845056/3DkInvbi_normal.jpg
jadecancelada,"@Aguiarthur Acho √≥timo, ADM!",Wed Jan 19 19:59:40 +0000 2022,"<a href=""http://twitter.com/download/android"" rel=""nofollow"">Twitter for Android</a>",http://pbs.twimg.com/profile_images/1473231681100337155/QyzozmeN_normal.jpg
aIexadmies,@Aguiarthur N ESQUECE DE MIM ADM #TeamAguiar  #TeamAguiar  #TeamAguiar  #TeamAguiar  #TeamAguiar @Aguiarthur b,Wed Jan 19 19:59:36 +0000 2022,"<a href=""http://twitter.com/download/iphone"" rel=""nofollow"">Twitter for iPhone</a>",http://pbs.twimg.com/profile_images/1483892475110510604/NKZsz02a_normal.jpg
i4burihan,@Aguiarthur ADM ME SEGUE ‚ú®,Wed Jan 19 19:59:33 +0000 2022,"<a href=""http://twitter.com/download/android"" rel=""nofollow"">Twitter for Android</a>",http://pbs.twimg.com/profile_images/1483564894456791042/2FHTNtZx_normal.jpg
aIexadmies,@Aguiarthur N ESQUECE DE MIM ADM #TeamAguiar  #TeamAguiar  #TeamAguiar  #TeamAguiar  #TeamAguiar @Aguiarthur a,Wed Jan 19 19:59:30 +0000 2022,"<a href=""http://twitter.com/download/iphone"" rel=""nofollow"">Twitter for iPhone</a>",http://pbs.twimg.com/profile_images/1483892475110510604/NKZsz02a_normal.jpg
rhuaan17,@Aguiarthur Me segue adm üôèüèΩ,Wed Jan 19 19:59:03 +0000 2022,"<a href=""http://twitter.com/download/android"" rel=""nofollow"">Twitter for Android</a>",http://pbs.twimg.com/profile_images/1465340078394429443/1UfJeOZr_normal.jpg
PotatoDealer14,@portalarthurofc @Aguiarthur N√£o foi dessa vez q peguei o follow üòî,Wed Jan 19 19:58:49 +0000 2022,"<a href=""http://twitter.com/download/android"" rel=""nofollow"">Twitter for Android</a>",http://pbs.twimg.com/profile_images/1451287071549763585/zTGIQUwA_normal.jpg
dan_nunes97,@Aguiarthur Bora,Wed Jan 19 19:58:48 +0000 2022,"<a href=""http://twitter.com/download/android"" rel=""nofollow"">Twitter for Android</a>",http://pbs.twimg.com/profile_images/1381039167057039360/r62ZMVPk_normal.jpg
dan_nunes97,@Aguiarthur M segue adm ‚ú®,Wed Jan 19 19:58:38 +0000 2022,"<a href=""http://twitter.com/download/android"" rel=""nofollow"">Twitter for Android</a>",http://pbs.twimg.com/profile_images/1381039167057039360/r62ZMVPk_normal.jpg
aIexadmies,@Aguiarthur N ESQUECE DE MIM ADM #TeamAguiar  #TeamAguiar  #TeamAguiar  #TeamAguiar  #TeamAguiar @Aguiarthur,Wed Jan 19 19:58:30 +0000 2022,"<a href=""http://twitter.com/download/iphone"" rel=""nofollow"">Twitter for iPhone</a>",http://pbs.twimg.com/profile_images/1483892475110510604/NKZsz02a_normal.jpg
suhsccp,@Aguiarthur √¥ adm n√£o vai embora sem seguir a lenda @kancelei ‚ú®,Wed Jan 19 19:58:27 +0000 2022,"<a href=""http://twitter.com/download/android"" rel=""nofollow"">Twitter for Android</a>",http://pbs.twimg.com/profile_images/1482710461091098626/5UIqculs_normal.jpg
aIexadmies,@Aguiarthur N ESQUECE DE MIM ADM #TeamAguiar  #TeamAguiar  #TeamAguiar  #TeamAguiar  #TeamAguiar @Aguiarthur @Aguiarthur,Wed Jan 19 19:58:26 +0000 2022,"<a href=""http://twitter.com/download/iphone"" rel=""nofollow"">Twitter for iPhone</a>",http://pbs.twimg.com/profile_images/1483892475110510604/NKZsz02a_normal.jpg
jrmuhll,RT @Aguiarthur: Vai ser follow spree e trick ao mesmo tempo hein? Vamos estar seguindo voc√™s enquanto voc√™s se unem üíõ‚ú®,Wed Jan 19 19:58:16 +0000 2022,"<a href=""https://mobile.twitter.com"" rel=""nofollow"">Twitter Web App</a>",http://pbs.twimg.com/profile_images/1440778859918417926/QXeu7Gpm_normal.jpg
jrmuhll,"RT @Aguiarthur: ‚ú® FOLLOW TRICK DO #TeamAguiar  ‚ú®

- RT e FAV
- Comente o emoji ‚ú®
- Seguir quem deu RT e FAV
- Seguir quem curtir seu emoji‚Ä¶",Wed Jan 19 19:58:14 +0000 2022,"<a href=""https://mobile.twitter.com"" rel=""nofollow"">Twitter Web App</a>",http://pbs.twimg.com/profile_images/1440778859918417926/QXeu7Gpm_normal.jpg
dorimyus,@Aguiarthur ‚ú®‚ú®‚ú®‚ú®‚ú®‚ú®‚ú®,Wed Jan 19 19:58:14 +0000 2022,"<a href=""http://twitter.com/download/android"" rel=""nofollow"">Twitter for Android</a>",http://pbs.twimg.com/profile_images/1483090675155587074/Jch2qEs-_normal.jpg
fedescco,"@Aguiarthur eu sou azarado demais, meu dia de gl√≥ria n√£o chega nunca aaaaaaaa ‚ú®",Wed Jan 19 19:58:12 +0000 2022,"<a href=""http://twitter.com/download/iphone"" rel=""nofollow"">Twitter for iPhone</a>",http://pbs.twimg.com/profile_images/1472948871672303616/9RFP17qR_normal.jpg
aIexadmies,@Aguiarthur ME SEGUE ADMM #TeamAguiar  #TeamAguiar  #TeamAguiar  #TeamAguiar  #TeamAguiar @Aguiarthur @Aguiarthur,Wed Jan 19 19:58:10 +0000 2022,"<a href=""http://twitter.com/download/iphone"" rel=""nofollow"">Twitter for iPhone</a>",http://pbs.twimg.com/profile_images/1483892475110510604/NKZsz02a_normal.jpg
dorimyus,@Aguiarthur ‚ú®‚ú®‚ú®,Wed Jan 19 19:58:04 +0000 2022,"<a href=""http://twitter.com/download/android"" rel=""nofollow"">Twitter for Android</a>",http://pbs.twimg.com/profile_images/1483090675155587074/Jch2qEs-_normal.jpg
dorimyus,@Aguiarthur ‚ú®‚ú®‚ú®‚ú®‚ú®,Wed Jan 19 19:57:55 +0000 2022,"<a href=""http://twitter.com/download/android"" rel=""nofollow"">Twitter for Android</a>",http://pbs.twimg.com/profile_images/1483090675155587074/Jch2qEs-_normal.jpg
SimoneNaeRobson,"RT @Aguiarthur: ‚ú® FOLLOW TRICK DO #TeamAguiar  ‚ú®

- RT e FAV
- Comente o emoji ‚ú®
- Seguir quem deu RT e FAV
- Seguir quem curtir seu emoji‚Ä¶",Wed Jan 19 19:57:51 +0000 2022,"<a href=""http://twitter.com/download/android"" rel=""nofollow"">Twitter for Android</a>",http://pbs.twimg.com/profile_images/1403714996001980420/R10WJ0Zu_normal.jpg
bru_minetto,Meu pano j√° est√° pronto #TeamAguiar  @Aguiarthur ‚ú® https://t.co/BA8HTQaIFi,Wed Jan 19 19:57:50 +0000 2022,"<a href=""http://twitter.com/download/iphone"" rel=""nofollow"">Twitter for iPhone</a>",http://pbs.twimg.com/profile_images/1454274694602010624/K8lp-4fB_normal.jpg
dan_nunes97,@portalarthurofc @Aguiarthur E que suba mais e mais,Wed Jan 19 19:57:46 +0000 2022,"<a href=""http://twitter.com/download/android"" rel=""nofollow"">Twitter for Android</a>",http://pbs.twimg.com/profile_images/1381039167057039360/r62ZMVPk_normal.jpg
portalarthurofc,@letstwittaa @Aguiarthur E n√≥s estamos explodindo de amores ‚ù§Ô∏è,Wed Jan 19 19:57:45 +0000 2022,"<a href=""http://twitter.com/download/iphone"" rel=""nofollow"">Twitter for iPhone</a>",http://pbs.twimg.com/profile_images/1482220768016711682/GvVqx_wa_normal.jpg
Eucarine1,@Aguiarthur Aqui adm,Wed Jan 19 19:57:44 +0000 2022,"<a href=""http://twitter.com/download/android"" rel=""nofollow"">Twitter for Android</a>",http://pbs.twimg.com/profile_images/1472775518521114624/AUqCuvC5_normal.jpg
piticadofiuk,@Aguiarthur OS F√ÉS QUE SABE TODAS AS M√öSICAS DO REBELDES BRASIL VALEEE ADM?? Vem c√° @_jessluanete94_ https://t.co/v47Zs6HUwq,Wed Jan 19 19:57:42 +0000 2022,"<a href=""http://twitter.com/download/iphone"" rel=""nofollow"">Twitter for iPhone</a>",http://pbs.twimg.com/profile_images/1483186357455495170/1w2Ea_x5_normal.jpg
aIexadmies,@Aguiarthur ME SEGUE ADM #TeamAguiar  #TeamAguiar  #TeamAguiar  #TeamAguiar  #TeamAguiar @Aguiarthur @Aguiarthur e,Wed Jan 19 19:57:34 +0000 2022,"<a href=""http://twitter.com/download/iphone"" rel=""nofollow"">Twitter for iPhone</a>",http://pbs.twimg.com/profile_images/1483892475110510604/NKZsz02a_normal.jpg
dorimyus,@portalarthurofc @Aguiarthur Ele n me segue portal,Wed Jan 19 19:57:29 +0000 2022,"<a href=""http://twitter.com/download/android"" rel=""nofollow"">Twitter for Android</a>",http://pbs.twimg.com/profile_images/1483090675155587074/Jch2qEs-_normal.jpg
aIexadmies,@Aguiarthur ME SEGUE ADM #TeamAguiar  #TeamAguiar  #TeamAguiar  #TeamAguiar  #TeamAguiar @Aguiarthur @Aguiarthur d,Wed Jan 19 19:57:26 +0000 2022,"<a href=""http://twitter.com/download/iphone"" rel=""nofollow"">Twitter for iPhone</a>",http://pbs.twimg.com/profile_images/1483892475110510604/NKZsz02a_normal.jpg
aIexadmies,@Aguiarthur ME SEGUE ADM #TeamAguiar  #TeamAguiar  #TeamAguiar  #TeamAguiar  #TeamAguiar @Aguiarthur @Aguiarthur c,Wed Jan 19 19:57:23 +0000 2022,"<a href=""http://twitter.com/download/iphone"" rel=""nofollow"">Twitter for iPhone</a>",http://pbs.twimg.com/profile_images/1483892475110510604/NKZsz02a_normal.jpg
aIexadmies,@Aguiarthur ME SEGUE ADM #TeamAguiar  #TeamAguiar  #TeamAguiar  #TeamAguiar  #TeamAguiar @Aguiarthur @Aguiarthur b,Wed Jan 19 19:57:14 +0000 2022,"<a href=""http://twitter.com/download/iphone"" rel=""nofollow"">Twitter for iPhone</a>",http://pbs.twimg.com/profile_images/1483892475110510604/NKZsz02a_normal.jpg
aIexadmies,@Aguiarthur ME SEGUE ADM #TeamAguiar  #TeamAguiar  #TeamAguiar  #TeamAguiar  #TeamAguiar @Aguiarthur @Aguiarthur a,Wed Jan 19 19:57:09 +0000 2022,"<a href=""http://twitter.com/download/iphone"" rel=""nofollow"">Twitter for iPhone</a>",http://pbs.twimg.com/profile_images/1483892475110510604/NKZsz02a_normal.jpg
CaioFreduzeski,@Aguiarthur Me segue ADM ‚ú®‚ú®‚ú®,Wed Jan 19 19:57:06 +0000 2022,"<a href=""https://mobile.twitter.com"" rel=""nofollow"">Twitter Web App</a>",http://pbs.twimg.com/profile_images/1337242405809106949/KXcdE88j_normal.jpg
ahokageh,@ilxjoni @Aguiarthur a crian√ßa de 8 anos aqui t√° se debatendo,Wed Jan 19 19:57:01 +0000 2022,"<a href=""http://twitter.com/download/android"" rel=""nofollow"">Twitter for Android</a>",http://pbs.twimg.com/profile_images/1482386060936200205/sFMAqDxf_normal.jpg
piticadofiuk,@Aguiarthur Queroooooooo,Wed Jan 19 19:56:51 +0000 2022,"<a href=""http://twitter.com/download/iphone"" rel=""nofollow"">Twitter for iPhone</a>",http://pbs.twimg.com/profile_images/1483186357455495170/1w2Ea_x5_normal.jpg
CaioFreduzeski,@Aguiarthur Falta meu follow admir rs ‚ú®,Wed Jan 19 19:56:47 +0000 2022,"<a href=""https://mobile.twitter.com"" rel=""nofollow"">Twitter Web App</a>",http://pbs.twimg.com/profile_images/1337242405809106949/KXcdE88j_normal.jpg
nailane_vieira,"RT @Aguiarthur: ‚ú® FOLLOW TRICK DO #TeamAguiar  ‚ú®

- RT e FAV
- Comente o emoji ‚ú®
- Seguir quem deu RT e FAV
- Seguir quem curtir seu emoji‚Ä¶",Wed Jan 19 19:56:39 +0000 2022,"<a href=""http://twitter.com/download/android"" rel=""nofollow"">Twitter for Android</a>",http://pbs.twimg.com/profile_images/1483490563588562947/b9dtu1MZ_normal.jpg
fedescco,"@Aguiarthur pedi tanto j√° adm, me segue a√≠ vai ‚ú®",Wed Jan 19 19:56:37 +0000 2022,"<a href=""http://twitter.com/download/iphone"" rel=""nofollow"">Twitter for iPhone</a>",http://pbs.twimg.com/profile_images/1472948871672303616/9RFP17qR_normal.jpg
lucastcarvalh,"RT @portalarthurofc: Os seguidores subindo üëÄü•≤ Obrigada equipe nova pelos mimos‚Ä¶.
@Aguiarthur",Wed Jan 19 19:56:35 +0000 2022,"<a href=""http://twitter.com/download/iphone"" rel=""nofollow"">Twitter for iPhone</a>",http://pbs.twimg.com/profile_images/1475653140989030409/sG_F17v3_normal.jpg
todabarbiex,"@Aguiarthur @vibes_aguiar eu t√¥ t√£o ansioso pro Arthur entrar, adm. avisa! ‚ú®
#TeamArthurAguiar",Wed Jan 19 19:56:27 +0000 2022,"<a href=""http://twitter.com/download/android"" rel=""nofollow"">Twitter for Android</a>",http://pbs.twimg.com/profile_images/1483860159776579586/YMnl2c1x_normal.jpg
letstwittaa,@portalarthurofc @Aguiarthur Eu t√¥ t√£o feliz por ele ü•∞,Wed Jan 19 19:56:02 +0000 2022,"<a href=""http://twitter.com/download/iphone"" rel=""nofollow"">Twitter for iPhone</a>",http://pbs.twimg.com/profile_images/1482901998374633473/bLTxbYj-_normal.jpg
ilxjoni,@ahokageh @Aguiarthur vai @Aguiarthur segue a lenda da ceci,Wed Jan 19 19:55:45 +0000 2022,"<a href=""http://twitter.com/download/iphone"" rel=""nofollow"">Twitter for iPhone</a>",http://pbs.twimg.com/profile_images/1483099171099979777/N62c5zuq_normal.jpg
izartetuita,@Aguiarthur ‚ú®,Wed Jan 19 19:55:44 +0000 2022,"<a href=""http://twitter.com/download/android"" rel=""nofollow"">Twitter for Android</a>",http://pbs.twimg.com/profile_images/1482405260098420736/IC3GxiTO_normal.jpg
isabelleluiza_,@Aguiarthur ‚ú®,Wed Jan 19 19:55:17 +0000 2022,"<a href=""http://twitter.com/download/iphone"" rel=""nofollow"">Twitter for iPhone</a>",http://pbs.twimg.com/profile_images/1475920047138820099/-ouH4Mv6_normal.jpg
isabelleluiza_,"RT @Aguiarthur: ‚ú® FOLLOW TRICK DO #TeamAguiar  ‚ú®

- RT e FAV
- Comente o emoji ‚ú®
- Seguir quem deu RT e FAV
- Seguir quem curtir seu emoji‚Ä¶",Wed Jan 19 19:55:12 +0000 2022,"<a href=""http://twitter.com/download/iphone"" rel=""nofollow"">Twitter for iPhone</a>",http://pbs.twimg.com/profile_images/1475920047138820099/-ouH4Mv6_normal.jpg
Lorhan52308211,"@Aguiarthur ‚ú®, adm segue eu pfv, vamos juntos para essa batalha",Wed Jan 19 19:55:05 +0000 2022,"<a href=""http://twitter.com/download/android"" rel=""nofollow"">Twitter for Android</a>",http://pbs.twimg.com/profile_images/1480028571297067011/mS1p_Lzo_normal.jpg
portalarthurofc,"Os seguidores subindo üëÄü•≤ Obrigada equipe nova pelos mimos‚Ä¶.
@Aguiarthur",Wed Jan 19 19:55:04 +0000 2022,"<a href=""http://twitter.com/download/iphone"" rel=""nofollow"">Twitter for iPhone</a>",http://pbs.twimg.com/profile_images/1482220768016711682/GvVqx_wa_normal.jpg
TtArtista,@Aguiarthur ‚ú®‚ú®‚ú®‚ú®‚ú®‚ú®‚ú®‚ú®‚ú®,Wed Jan 19 19:55:04 +0000 2022,"<a href=""http://twitter.com/download/android"" rel=""nofollow"">Twitter for Android</a>",http://pbs.twimg.com/profile_images/1482522121075056646/pj3Qqi8H_normal.jpg
Kaaah_ana,"@Aguiarthur Se vc quiser me seguir, eu deixo, t√°?üòπ",Wed Jan 19 19:54:58 +0000 2022,"<a href=""http://twitter.com/download/android"" rel=""nofollow"">Twitter for Android</a>",http://pbs.twimg.com/profile_images/1483490170603249670/XNcFnU06_normal.jpg
pyongleepandlr,@Aguiarthur ‚ú®‚ú®,Wed Jan 19 19:54:53 +0000 2022,"<a href=""https://mobile.twitter.com"" rel=""nofollow"">Twitter Web App</a>",http://pbs.twimg.com/profile_images/1413259066558881803/vk8KS39o_normal.jpg
TtArtista,@Aguiarthur ‚ú®‚ú®‚ú®‚ú®‚ú®‚ú®‚ú®‚ú®,Wed Jan 19 19:54:50 +0000 2022,"<a href=""http://twitter.com/download/android"" rel=""nofollow"">Twitter for Android</a>",http://pbs.twimg.com/profile_images/1482522121075056646/pj3Qqi8H_normal.jpg
TtArtista,@Aguiarthur ‚ú®‚ú®‚ú®‚ú®‚ú®‚ú®‚ú®,Wed Jan 19 19:54:33 +0000 2022,"<a href=""http://twitter.com/download/android"" rel=""nofollow"">Twitter for Android</a>",http://pbs.twimg.com/profile_images/1482522121075056646/pj3Qqi8H_normal.jpg
armandomarcos,@Silva_DG @linndaquebrada @PedroScooby @iampauloandre @brunnagoncalves @eumaria @Naiarazevedo @TiagoAbravanel‚Ä¶ https://t.co/HZQMCtKcav,Wed Jan 19 19:54:31 +0000 2022,"<a href=""http://twitter.com/download/android"" rel=""nofollow"">Twitter for Android</a>",http://pbs.twimg.com/profile_images/1475485887416963078/cWSTCKtZ_normal.jpg
Lorhan52308211,"RT @Aguiarthur: ‚ú® FOLLOW TRICK DO #TeamAguiar  ‚ú®

- RT e FAV
- Comente o emoji ‚ú®
- Seguir quem deu RT e FAV
- Seguir quem curtir seu emoji‚Ä¶",Wed Jan 19 19:54:26 +0000 2022,"<a href=""http://twitter.com/download/android"" rel=""nofollow"">Twitter for Android</a>",http://pbs.twimg.com/profile_images/1480028571297067011/mS1p_Lzo_normal.jpg
Kaaah_ana,@Aguiarthur ‚ú®‚ú®‚ú®,Wed Jan 19 19:54:25 +0000 2022,"<a href=""http://twitter.com/download/android"" rel=""nofollow"">Twitter for Android</a>",http://pbs.twimg.com/profile_images/1483490170603249670/XNcFnU06_normal.jpg
TtArtista,@Aguiarthur Cad√™ o follow em ADM?,Wed Jan 19 19:54:24 +0000 2022,"<a href=""http://twitter.com/download/android"" rel=""nofollow"">Twitter for Android</a>",http://pbs.twimg.com/profile_images/1482522121075056646/pj3Qqi8H_normal.jpg
Kaaah_ana,"RT @Aguiarthur: ‚ú® FOLLOW TRICK DO #TeamAguiar  ‚ú®

- RT e FAV
- Comente o emoji ‚ú®
- Seguir quem deu RT e FAV
- Seguir quem curtir seu emoji‚Ä¶",Wed Jan 19 19:54:13 +0000 2022,"<a href=""http://twitter.com/download/android"" rel=""nofollow"">Twitter for Android</a>",http://pbs.twimg.com/profile_images/1483490170603249670/XNcFnU06_normal.jpg
iKannax,@myius_ @Aguiarthur me segue adm @Aguiarthur eu t√¥ convertendo gente pra torcida desde que ele tava sendo s√≥ especulado üò≠üò≠,Wed Jan 19 19:54:12 +0000 2022,"<a href=""http://twitter.com/download/iphone"" rel=""nofollow"">Twitter for iPhone</a>",http://pbs.twimg.com/profile_images/1483731623338299393/1EMt332q_normal.jpg
pyongleepandlr,@Aguiarthur #TeamAguiar,Wed Jan 19 19:54:04 +0000 2022,"<a href=""https://mobile.twitter.com"" rel=""nofollow"">Twitter Web App</a>",http://pbs.twimg.com/profile_images/1413259066558881803/vk8KS39o_normal.jpg
diferencamara,@Aguiarthur adm; voc√™ teria coragem de negar follow pra uma cacta? voc√™ sabe que eu sou fiel e boa de mutir√£o einnnnn #TeamAguiar,Wed Jan 19 19:53:55 +0000 2022,"<a href=""http://twitter.com/download/iphone"" rel=""nofollow"">Twitter for iPhone</a>",http://pbs.twimg.com/profile_images/1483570391285129219/uG5Ctg6A_normal.jpg
pyongleepandlr,"RT @Aguiarthur: ‚ú® FOLLOW TRICK DO #TeamAguiar  ‚ú®

- RT e FAV
- Comente o emoji ‚ú®
- Seguir quem deu RT e FAV
- Seguir quem curtir seu emoji‚Ä¶",Wed Jan 19 19:53:47 +0000 2022,"<a href=""https://mobile.twitter.com"" rel=""nofollow"">Twitter Web App</a>",http://pbs.twimg.com/profile_images/1413259066558881803/vk8KS39o_normal.jpg
Danley_Macedo,@Aguiarthur ‚ú®,Wed Jan 19 19:53:42 +0000 2022,"<a href=""http://twitter.com/download/android"" rel=""nofollow"">Twitter for Android</a>",http://pbs.twimg.com/profile_images/1483229284105924614/gNlqPJaE_normal.jpg
luancarlus,@Aguiarthur ME SEGUE ADM ‚ú®‚ú®‚ú®‚ú®,Wed Jan 19 19:53:41 +0000 2022,"<a href=""http://twitter.com/download/android"" rel=""nofollow"">Twitter for Android</a>",http://pbs.twimg.com/profile_images/1483168177387364360/GMgA73zd_normal.jpg
UguUgu97,@Aguiarthur Follow adm,Wed Jan 19 19:53:40 +0000 2022,"<a href=""http://twitter.com/download/android"" rel=""nofollow"">Twitter for Android</a>",http://pbs.twimg.com/profile_images/1435964683274489856/L1mDr9bV_normal.jpg
ahokageh,@Aguiarthur ‚ú® mood: https://t.co/VoSbwriNlv,Wed Jan 19 19:53:37 +0000 2022,"<a href=""http://twitter.com/download/android"" rel=""nofollow"">Twitter for Android</a>",http://pbs.twimg.com/profile_images/1482386060936200205/sFMAqDxf_normal.jpg
Kaaah_ana,@Aguiarthur Queroooo,Wed Jan 19 19:53:37 +0000 2022,"<a href=""http://twitter.com/download/android"" rel=""nofollow"">Twitter for Android</a>",http://pbs.twimg.com/profile_images/1483490170603249670/XNcFnU06_normal.jpg
luancarlus,"RT @Aguiarthur: ‚ú® FOLLOW TRICK DO #TeamAguiar  ‚ú®

- RT e FAV
- Comente o emoji ‚ú®
- Seguir quem deu RT e FAV
- Seguir quem curtir seu emoji‚Ä¶",Wed Jan 19 19:53:33 +0000 2022,"<a href=""http://twitter.com/download/android"" rel=""nofollow"">Twitter for Android</a>",http://pbs.twimg.com/profile_images/1483168177387364360/GMgA73zd_normal.jpg
UguUgu97,"@Aguiarthur 2 adm me nota

#TaamArthur",Wed Jan 19 19:53:30 +0000 2022,"<a href=""http://twitter.com/download/android"" rel=""nofollow"">Twitter for Android</a>",http://pbs.twimg.com/profile_images/1435964683274489856/L1mDr9bV_normal.jpg
itxsnwh,"@euunivia @Aguiarthur ADM VEM SEGUIR A F√É DE REBELDES, fechada com o tuty desde criancinha #TeamAguiar ‚ú®‚ú®‚ö°Ô∏è‚ö°Ô∏è",Wed Jan 19 19:53:30 +0000 2022,"<a href=""http://twitter.com/download/iphone"" rel=""nofollow"">Twitter for iPhone</a>",http://pbs.twimg.com/profile_images/1483590628483211268/ErfaMU6L_normal.jpg
BeahSoares3,@Aguiarthur Vamos,Wed Jan 19 19:53:26 +0000 2022,"<a href=""http://twitter.com/download/android"" rel=""nofollow"">Twitter for Android</a>",http://pbs.twimg.com/profile_images/1483392113282846727/MubsfCAI_normal.jpg
aIexadmies,@Aguiarthur ME SEGUE ADM #TeamAguiar  #TeamAguiar  #TeamAguiar  #TeamAguiar  #TeamAguiar @Aguiarthur @Aguiarthur pfv,Wed Jan 19 19:53:20 +0000 2022,"<a href=""http://twitter.com/download/iphone"" rel=""nofollow"">Twitter for iPhone</a>",http://pbs.twimg.com/profile_images/1483892475110510604/NKZsz02a_normal.jpg
fanclubekuif,@Aguiarthur Vem beb√™.. dar follow Aqui‚ú®‚ù§Ô∏è,Wed Jan 19 19:53:19 +0000 2022,"<a href=""http://twitter.com/download/android"" rel=""nofollow"">Twitter for Android</a>",http://pbs.twimg.com/profile_images/1480329897310670848/Vsrb-oll_normal.jpg
WeakpointRbr,@Aguiarthur Segue aqui adm @DOMJUANfenix üíõ,Wed Jan 19 19:53:18 +0000 2022,"<a href=""http://twitter.com/download/android"" rel=""nofollow"">Twitter for Android</a>",http://pbs.twimg.com/profile_images/1483195563545927686/huEbkKRW_normal.jpg
aIexadmies,@Aguiarthur ME SEGUE ADM #TeamAguiar  #TeamAguiar  #TeamAguiar  #TeamAguiar  #TeamAguiar @Aguiarthur @Aguiarthur pf,Wed Jan 19 19:53:14 +0000 2022,"<a href=""http://twitter.com/download/iphone"" rel=""nofollow"">Twitter for iPhone</a>",http://pbs.twimg.com/profile_images/1483892475110510604/NKZsz02a_normal.jpg
bellecomente,@Aguiarthur adm de 0 a 10 quantas chances de voce me seguir hoje? ‚ú®üòç,Wed Jan 19 19:53:14 +0000 2022,"<a href=""http://twitter.com/download/iphone"" rel=""nofollow"">Twitter for iPhone</a>",http://pbs.twimg.com/profile_images/1483889288056033281/Vd5bbVYf_normal.jpg
aIexadmies,@Aguiarthur ME SEGUE ADM #TeamAguiar  #TeamAguiar  #TeamAguiar  #TeamAguiar  #TeamAguiar @Aguiarthur @Aguiarthur pff,Wed Jan 19 19:53:10 +0000 2022,"<a href=""http://twitter.com/download/iphone"" rel=""nofollow"">Twitter for iPhone</a>",http://pbs.twimg.com/profile_images/1483892475110510604/NKZsz02a_normal.jpg
UguUgu97,@Aguiarthur 1 adm me nota,Wed Jan 19 19:53:06 +0000 2022,"<a href=""http://twitter.com/download/android"" rel=""nofollow"">Twitter for Android</a>",http://pbs.twimg.com/profile_images/1435964683274489856/L1mDr9bV_normal.jpg
bellecomente,@Aguiarthur ‚ú®,Wed Jan 19 19:52:59 +0000 2022,"<a href=""http://twitter.com/download/iphone"" rel=""nofollow"">Twitter for iPhone</a>",http://pbs.twimg.com/profile_images/1483889288056033281/Vd5bbVYf_normal.jpg
myius_,@iKannax KKKKKKKKKKKKKK @Aguiarthur tem crian√ßa chorando aqui segue ela,Wed Jan 19 19:52:57 +0000 2022,"<a href=""http://twitter.com/download/iphone"" rel=""nofollow"">Twitter for iPhone</a>",http://pbs.twimg.com/profile_images/1482155990585942024/24OLGn_a_normal.jpg
UguUgu97,@Aguiarthur Adm me nota,Wed Jan 19 19:52:56 +0000 2022,"<a href=""http://twitter.com/download/android"" rel=""nofollow"">Twitter for Android</a>",http://pbs.twimg.com/profile_images/1435964683274489856/L1mDr9bV_normal.jpg
aIexadmies,@Aguiarthur ME SEGUE ADM #TeamAguiar  #TeamAguiar  #TeamAguiar  #TeamAguiar  #TeamAguiar @Aguiarthur @Aguiarthur ccc,Wed Jan 19 19:52:27 +0000 2022,"<a href=""http://twitter.com/download/iphone"" rel=""nofollow"">Twitter for iPhone</a>",http://pbs.twimg.com/profile_images/1483892475110510604/NKZsz02a_normal.jpg
PauloAndersonn,RT @Aguiarthur: Vai ser follow spree e trick ao mesmo tempo hein? Vamos estar seguindo voc√™s enquanto voc√™s se unem üíõ‚ú®,Wed Jan 19 19:52:26 +0000 2022,"<a href=""http://twitter.com/download/android"" rel=""nofollow"">Twitter for Android</a>",http://pbs.twimg.com/profile_images/1483684959105781761/uGj3AiJM_normal.jpg
bolinhaderancor,@Aguiarthur Me segue Poxaaaa #TeamAguiar,Wed Jan 19 19:52:25 +0000 2022,"<a href=""http://twitter.com/download/iphone"" rel=""nofollow"">Twitter for iPhone</a>",http://pbs.twimg.com/profile_images/1483641623686877186/CdBQO2fB_normal.jpg
PauloAndersonn,RT @Aguiarthur: O que voc√™s acham de um follow spree aqui no oficial? üëÄ,Wed Jan 19 19:52:24 +0000 2022,"<a href=""http://twitter.com/download/android"" rel=""nofollow"">Twitter for Android</a>",http://pbs.twimg.com/profile_images/1483684959105781761/uGj3AiJM_normal.jpg
vituzndo,@bicalhoxls @Aguiarthur @maricomentha @Ewertontuita vc fazendo tudo vide,Wed Jan 19 19:52:23 +0000 2022,"<a href=""http://twitter.com/download/iphone"" rel=""nofollow"">Twitter for iPhone</a>",http://pbs.twimg.com/profile_images/1463901660846166021/CRHWczxk_normal.jpg
comentandoreaal,@Aguiarthur Me segue ADM ‚ú®‚ú®,Wed Jan 19 19:52:23 +0000 2022,"<a href=""http://twitter.com/download/android"" rel=""nofollow"">Twitter for Android</a>",http://pbs.twimg.com/profile_images/1483884770857791488/axs7EOus_normal.jpg
aIexadmies,@Aguiarthur ME SEGUE ADM #TeamAguiar  #TeamAguiar  #TeamAguiar  #TeamAguiar  #TeamAguiar @Aguiarthur @Aguiarthur  bbb,Wed Jan 19 19:52:22 +0000 2022,"<a href=""http://twitter.com/download/iphone"" rel=""nofollow"">Twitter for iPhone</a>",http://pbs.twimg.com/profile_images/1483892475110510604/NKZsz02a_normal.jpg
analurc_,@Aguiarthur ‚ú®‚ú®‚ú®‚ú®‚ú®‚ú®‚ú®,Wed Jan 19 19:52:18 +0000 2022,"<a href=""http://twitter.com/download/iphone"" rel=""nofollow"">Twitter for iPhone</a>",http://pbs.twimg.com/profile_images/1477463379107364865/1zoX3C8t_normal.jpg
aIexadmies,@Aguiarthur ME SEGUE ADM #TeamAguiar  #TeamAguiar  #TeamAguiar  #TeamAguiar  #TeamAguiar @Aguiarthur @Aguiarthur  aaaa,Wed Jan 19 19:52:16 +0000 2022,"<a href=""http://twitter.com/download/iphone"" rel=""nofollow"">Twitter for iPhone</a>",http://pbs.twimg.com/profile_images/1483892475110510604/NKZsz02a_normal.jpg
euunivia,@Aguiarthur ADM VEM ADM VEM ADM@,Wed Jan 19 19:52:12 +0000 2022,"<a href=""http://twitter.com/download/android"" rel=""nofollow"">Twitter for Android</a>",http://pbs.twimg.com/profile_images/1483498225667653634/XZhupqvl_normal.jpg
vibes_aguiar,@Aguiarthur ‚ú®,Wed Jan 19 19:52:10 +0000 2022,"<a href=""http://twitter.com/download/iphone"" rel=""nofollow"">Twitter for iPhone</a>",http://pbs.twimg.com/profile_images/1482159528305168391/GdxvgO6B_normal.jpg
vibes_aguiar,"RT @Aguiarthur: ‚ú® FOLLOW TRICK DO #TeamAguiar  ‚ú®

- RT e FAV
- Comente o emoji ‚ú®
- Seguir quem deu RT e FAV
- Seguir quem curtir seu emoji‚Ä¶",Wed Jan 19 19:52:05 +0000 2022,"<a href=""http://twitter.com/download/iphone"" rel=""nofollow"">Twitter for iPhone</a>",http://pbs.twimg.com/profile_images/1482159528305168391/GdxvgO6B_normal.jpg
euunivia,@Aguiarthur vem adm #TeamAguiar,Wed Jan 19 19:51:58 +0000 2022,"<a href=""http://twitter.com/download/android"" rel=""nofollow"">Twitter for Android</a>",http://pbs.twimg.com/profile_images/1483498225667653634/XZhupqvl_normal.jpg
comentandoreaal,@Aguiarthur ‚ú®‚ú®‚ú®‚ú®‚ú®‚ú®‚ú®‚ú®‚ú®‚ú®,Wed Jan 19 19:51:58 +0000 2022,"<a href=""http://twitter.com/download/android"" rel=""nofollow"">Twitter for Android</a>",http://pbs.twimg.com/profile_images/1483884770857791488/axs7EOus_normal.jpg
aIexadmies,@Aguiarthur ME SEGUE ADM #TeamAguiar  #TeamAguiar  #TeamAguiar  #TeamAguiar  #TeamAguiar @Aguiarthur @Aguiarthur,Wed Jan 19 19:51:47 +0000 2022,"<a href=""http://twitter.com/download/iphone"" rel=""nofollow"">Twitter for iPhone</a>",http://pbs.twimg.com/profile_images/1483892475110510604/NKZsz02a_normal.jpg
comentandoreaal,"RT @Aguiarthur: ‚ú® FOLLOW TRICK DO #TeamAguiar  ‚ú®

- RT e FAV
- Comente o emoji ‚ú®
- Seguir quem deu RT e FAV
- Seguir quem curtir seu emoji‚Ä¶",Wed Jan 19 19:51:44 +0000 2022,"<a href=""http://twitter.com/download/android"" rel=""nofollow"">Twitter for Android</a>",http://pbs.twimg.com/profile_images/1483884770857791488/axs7EOus_normal.jpg
joanne_rafa,@Aguiarthur Me segue admmmmmmmmmm @Aguiarthur,Wed Jan 19 19:51:44 +0000 2022,"<a href=""http://twitter.com/download/iphone"" rel=""nofollow"">Twitter for iPhone</a>",http://pbs.twimg.com/profile_images/1480946077171961861/NIOPr6ss_normal.jpg
da_bays_,@Aguiarthur ‚ú®,Wed Jan 19 19:51:43 +0000 2022,"<a href=""http://twitter.com/download/android"" rel=""nofollow"">Twitter for Android</a>",http://pbs.twimg.com/profile_images/1472712026736709633/lRdB66pu_normal.jpg
Bya11060843,RT @WeakpointRbr: @Aguiarthur Adm segue a @Bya11060843 e o @bruno_neves00 por favor!! üíõ,Wed Jan 19 19:51:43 +0000 2022,"<a href=""http://twitter.com/download/android"" rel=""nofollow"">Twitter for Android</a>",http://pbs.twimg.com/profile_images/1434270097871458304/chBUjPvu_normal.jpg
nailane_vieira,@Aguiarthur ‚ú®,Wed Jan 19 19:51:42 +0000 2022,"<a href=""http://twitter.com/download/android"" rel=""nofollow"">Twitter for Android</a>",http://pbs.twimg.com/profile_images/1483490563588562947/b9dtu1MZ_normal.jpg
RhaysaPaz,"@Aguiarthur Adm, desde 2011 aqui torcendo por ele ‚ú®",Wed Jan 19 19:51:41 +0000 2022,"<a href=""http://twitter.com/download/iphone"" rel=""nofollow"">Twitter for iPhone</a>",http://pbs.twimg.com/profile_images/1400960074386968584/XfaCFG7l_normal.jpg
fanclubekuif,@Aguiarthur Seguir sigo todos de voltar... Vem beb√™ ‚ú®‚ú®‚ú®‚ú®‚ú®,Wed Jan 19 19:51:40 +0000 2022,"<a href=""http://twitter.com/download/android"" rel=""nofollow"">Twitter for Android</a>",http://pbs.twimg.com/profile_images/1480329897310670848/Vsrb-oll_normal.jpg
da_bays_,"RT @Aguiarthur: ‚ú® FOLLOW TRICK DO #TeamAguiar  ‚ú®

- RT e FAV
- Comente o emoji ‚ú®
- Seguir quem deu RT e FAV
- Seguir quem curtir seu emoji‚Ä¶",Wed Jan 19 19:51:33 +0000 2022,"<a href=""http://twitter.com/download/android"" rel=""nofollow"">Twitter for Android</a>",http://pbs.twimg.com/profile_images/1472712026736709633/lRdB66pu_normal.jpg
jrmuhll,RT @Aguiarthur: O que voc√™s acham de um follow spree aqui no oficial? üëÄ,Wed Jan 19 19:51:25 +0000 2022,"<a href=""https://mobile.twitter.com"" rel=""nofollow"">Twitter Web App</a>",http://pbs.twimg.com/profile_images/1440778859918417926/QXeu7Gpm_normal.jpg
marialu18985296,"RT @WeakpointRbr: @Aguiarthur ADM, segue o @BrunoPaulo777 üíõ",Wed Jan 19 19:51:23 +0000 2022,"<a href=""http://twitter.com/download/iphone"" rel=""nofollow"">Twitter for iPhone</a>",http://pbs.twimg.com/profile_images/1463901383619403781/M6tkRShr_normal.jpg
DrikBrandao,@Aguiarthur #TeamAguiar  ‚ú®,Wed Jan 19 19:51:22 +0000 2022,"<a href=""http://twitter.com/download/android"" rel=""nofollow"">Twitter for Android</a>",http://pbs.twimg.com/profile_images/1004862729314856960/XKCJHTCO_normal.jpg
Ewertontuita,"@bicalhoxls @Aguiarthur Escuta ela adm, pq ela sabe oq fala",Wed Jan 19 19:51:20 +0000 2022,"<a href=""http://twitter.com/download/android"" rel=""nofollow"">Twitter for Android</a>",http://pbs.twimg.com/profile_images/1477871682534658048/05Hio3YB_normal.jpg
WeakpointRbr,"@Aguiarthur ADM, segue o @BrunoPaulo777 üíõ",Wed Jan 19 19:51:18 +0000 2022,"<a href=""http://twitter.com/download/android"" rel=""nofollow"">Twitter for Android</a>",http://pbs.twimg.com/profile_images/1483195563545927686/huEbkKRW_normal.jpg
jrmuhll,"@Aguiarthur ADM EU MERE√áO O FOLLOW??
 @Aguiarthur",Wed Jan 19 19:51:09 +0000 2022,"<a href=""https://mobile.twitter.com"" rel=""nofollow"">Twitter Web App</a>",http://pbs.twimg.com/profile_images/1440778859918417926/QXeu7Gpm_normal.jpg
DOMJUANfenix,@Aguiarthur ‚ú®‚ú®‚ú®‚ú®‚ú®‚ú®‚ú®‚ú®‚ú®‚ú®‚ú®‚ú®‚ú®‚ú®‚ú®‚ú®‚ú®‚ú®‚ú®‚ú®‚ú®‚ú®‚ú®‚ú®‚ú®‚ú®‚ú®‚ú®‚ú®‚ú®‚ú®‚ú®,Wed Jan 19 19:51:04 +0000 2022,"<a href=""http://twitter.com/download/android"" rel=""nofollow"">Twitter for Android</a>",http://pbs.twimg.com/profile_images/1335128625914507264/YDPYyGsI_normal.jpg
tuitanyco,@Aguiarthur eu t√¥ com a mayra no telefone ela t√° chorando pedindo pra vc me seguir,Wed Jan 19 19:50:59 +0000 2022,"<a href=""http://twitter.com/download/iphone"" rel=""nofollow"">Twitter for iPhone</a>",http://pbs.twimg.com/profile_images/1483888680674725893/cCzkPfUh_normal.jpg
tatituittando,@Aguiarthur ‚ú®,Wed Jan 19 19:50:57 +0000 2022,"<a href=""http://twitter.com/download/android"" rel=""nofollow"">Twitter for Android</a>",http://pbs.twimg.com/profile_images/1483890988544319494/olnLQywN_normal.jpg
lunatuita_,@Aguiarthur ‚ú®,Wed Jan 19 19:50:53 +0000 2022,"<a href=""http://twitter.com/download/android"" rel=""nofollow"">Twitter for Android</a>",http://pbs.twimg.com/profile_images/1482756332591661059/8IqffddH_normal.jpg
BrunoPaulo777,@Aguiarthur ‚ú® @Aguiarthur,Wed Jan 19 19:50:53 +0000 2022,"<a href=""http://twitter.com/download/android"" rel=""nofollow"">Twitter for Android</a>",http://pbs.twimg.com/profile_images/1480030505508741120/uVvTJlTO_normal.jpg
tm0taaa,@cinderelahb @Aguiarthur me segue ai adm @Aguiarthur,Wed Jan 19 19:50:51 +0000 2022,"<a href=""https://mobile.twitter.com"" rel=""nofollow"">Twitter Web App</a>",http://pbs.twimg.com/profile_images/1480057621063340032/KgtvW3NY_normal.jpg
jrmuhll,@Aguiarthur ADM ESTOU ESPERANDO SEU FOLLOW @Aguiarthur,Wed Jan 19 19:50:47 +0000 2022,"<a href=""https://mobile.twitter.com"" rel=""nofollow"">Twitter Web App</a>",http://pbs.twimg.com/profile_images/1440778859918417926/QXeu7Gpm_normal.jpg
DrikBrandao,@Aguiarthur ‚ú®,Wed Jan 19 19:50:37 +0000 2022,"<a href=""http://twitter.com/download/android"" rel=""nofollow"">Twitter for Android</a>",http://pbs.twimg.com/profile_images/1004862729314856960/XKCJHTCO_normal.jpg
tm0taaa,"@cinderelahb @Aguiarthur eu seria o homem mais feliz do mundo caso o adm do arthur me seguisse, sou f√£zasso dele!!!",Wed Jan 19 19:50:35 +0000 2022,"<a href=""https://mobile.twitter.com"" rel=""nofollow"">Twitter Web App</a>",http://pbs.twimg.com/profile_images/1480057621063340032/KgtvW3NY_normal.jpg
luancarlus,@Aguiarthur curte o meu coment√°rio que eu sigo ‚ú®‚ú®,Wed Jan 19 19:50:33 +0000 2022,"<a href=""http://twitter.com/download/android"" rel=""nofollow"">Twitter for Android</a>",http://pbs.twimg.com/profile_images/1483168177387364360/GMgA73zd_normal.jpg
bicalhoxls,"@Aguiarthur ADM segue esses 
@maricomentha 
@vituzndo 
@Ewertontuita",Wed Jan 19 19:50:31 +0000 2022,"<a href=""http://twitter.com/download/android"" rel=""nofollow"">Twitter for Android</a>",http://pbs.twimg.com/profile_images/1483874196300124168/VoXeFtMf_normal.jpg
euunivia,"@Aguiarthur adm, vem aqui. eu sei que voc√™ j√° viu mensagens como essa, mais eu realmente quero entrar pro time do A‚Ä¶ https://t.co/vg80ts0arv",Wed Jan 19 19:50:29 +0000 2022,"<a href=""http://twitter.com/download/android"" rel=""nofollow"">Twitter for Android</a>",http://pbs.twimg.com/profile_images/1483498225667653634/XZhupqvl_normal.jpg
candicevlg,@Aguiarthur ‚ú®‚ú®,Wed Jan 19 19:50:28 +0000 2022,"<a href=""http://twitter.com/download/iphone"" rel=""nofollow"">Twitter for iPhone</a>",http://pbs.twimg.com/profile_images/1483198051741278211/Ir2WRXAM_normal.jpg
allforportilla,@Aguiarthur PAC LINDAAAA ADMMM,Wed Jan 19 19:50:27 +0000 2022,"<a href=""http://twitter.com/download/iphone"" rel=""nofollow"">Twitter for iPhone</a>",http://pbs.twimg.com/profile_images/1483856229374074882/mfXmIGV7_normal.jpg
LindaRamos015,@Aguiarthur ‚ú®‚ú®‚ú®‚ú®‚ú®,Wed Jan 19 19:50:27 +0000 2022,"<a href=""http://twitter.com/download/android"" rel=""nofollow"">Twitter for Android</a>",http://pbs.twimg.com/profile_images/1209231554502893568/bBn53oIp_normal.jpg
comentatt,@Aguiarthur cad√™ o meu admmm ‚ú®‚ú®,Wed Jan 19 19:50:26 +0000 2022,"<a href=""http://twitter.com/download/android"" rel=""nofollow"">Twitter for Android</a>",http://pbs.twimg.com/profile_images/1483568430771064834/VN3glScM_normal.jpg
luancarlus,@Aguiarthur ‚ú®‚ú®‚ú®‚ú®,Wed Jan 19 19:50:19 +0000 2022,"<a href=""http://twitter.com/download/android"" rel=""nofollow"">Twitter for Android</a>",http://pbs.twimg.com/profile_images/1483168177387364360/GMgA73zd_normal.jpg
jrmuhll,@Aguiarthur ADM VC J√Å FOI EMBORA? @Aguiarthur,Wed Jan 19 19:50:18 +0000 2022,"<a href=""http://twitter.com/download/iphone"" rel=""nofollow"">Twitter for iPhone</a>",http://pbs.twimg.com/profile_images/1440778859918417926/QXeu7Gpm_normal.jpg
safesparia,@Aguiarthur https://t.co/HMXjRg6xX9,Wed Jan 19 19:50:12 +0000 2022,"<a href=""http://twitter.com/download/iphone"" rel=""nofollow"">Twitter for iPhone</a>",http://pbs.twimg.com/profile_images/1478788941566431233/50_abfkD_normal.jpg
jrmuhll,@Aguiarthur ADM CAD√ä O FOLLOW? N√ÉO TEM MAIS? @Aguiarthur,Wed Jan 19 19:50:03 +0000 2022,"<a href=""http://twitter.com/download/iphone"" rel=""nofollow"">Twitter for iPhone</a>",http://pbs.twimg.com/profile_images/1440778859918417926/QXeu7Gpm_normal.jpg
marialu18985296,"RT @Aguiarthur: ‚ú® FOLLOW TRICK DO #TeamAguiar  ‚ú®

- RT e FAV
- Comente o emoji ‚ú®
- Seguir quem deu RT e FAV
- Seguir quem curtir seu emoji‚Ä¶",Wed Jan 19 19:50:01 +0000 2022,"<a href=""http://twitter.com/download/iphone"" rel=""nofollow"">Twitter for iPhone</a>",http://pbs.twimg.com/profile_images/1463901383619403781/M6tkRShr_normal.jpg
marialu18985296,RT @WeakpointRbr: @Aguiarthur Adm segue a @Bya11060843 e o @bruno_neves00 por favor!! üíõ,Wed Jan 19 19:49:59 +0000 2022,"<a href=""http://twitter.com/download/iphone"" rel=""nofollow"">Twitter for iPhone</a>",http://pbs.twimg.com/profile_images/1463901383619403781/M6tkRShr_normal.jpg
dorimyus,@Aguiarthur @Aguiarthur segue a√≠ ADM ‚ú®‚ú®‚ú®,Wed Jan 19 19:49:58 +0000 2022,"<a href=""http://twitter.com/download/android"" rel=""nofollow"">Twitter for Android</a>",http://pbs.twimg.com/profile_images/1483090675155587074/Jch2qEs-_normal.jpg
lucastcarvalh,"RT @Aguiarthur: DEMOROU, mas chegamos! 
Queremos nos desculpar aos f√£s que esperaram muito por atualiza√ß√µes, est√°vamos passando por mudan√ßa‚Ä¶",Wed Jan 19 19:49:58 +0000 2022,"<a href=""http://twitter.com/download/iphone"" rel=""nofollow"">Twitter for iPhone</a>",http://pbs.twimg.com/profile_images/1475653140989030409/sG_F17v3_normal.jpg
WeakpointRbr,@Aguiarthur Adm segue a @Bya11060843 e o @bruno_neves00 por favor!! üíõ,Wed Jan 19 19:49:54 +0000 2022,"<a href=""http://twitter.com/download/android"" rel=""nofollow"">Twitter for Android</a>",http://pbs.twimg.com/profile_images/1483195563545927686/huEbkKRW_normal.jpg
euluanatuitera,@Aguiarthur ‚ú®,Wed Jan 19 19:49:53 +0000 2022,"<a href=""http://twitter.com/download/iphone"" rel=""nofollow"">Twitter for iPhone</a>",http://pbs.twimg.com/profile_images/1476327830061559812/NAdqm-Gl_normal.jpg
fofocalizenda,"@Aguiarthur adm respeita minha hist√≥ria, que eu tinha um Twitter pra ela na √©poca de RBR, meu follow vem hoje?  ‚ú®‚ú®‚ú®‚ú®‚ú®",Wed Jan 19 19:49:52 +0000 2022,"<a href=""http://twitter.com/download/android"" rel=""nofollow"">Twitter for Android</a>",http://pbs.twimg.com/profile_images/1482356363107966980/WLof34nZ_normal.jpg
itxslarinha,@Aguiarthur ‚ú®,Wed Jan 19 19:49:51 +0000 2022,"<a href=""http://twitter.com/download/iphone"" rel=""nofollow"">Twitter for iPhone</a>",http://pbs.twimg.com/profile_images/1483761650536697856/5oP_Q7aL_normal.jpg
itxslarinha,"RT @Aguiarthur: ‚ú® FOLLOW TRICK DO #TeamAguiar  ‚ú®

- RT e FAV
- Comente o emoji ‚ú®
- Seguir quem deu RT e FAV
- Seguir quem curtir seu emoji‚Ä¶",Wed Jan 19 19:49:46 +0000 2022,"<a href=""http://twitter.com/download/iphone"" rel=""nofollow"">Twitter for iPhone</a>",http://pbs.twimg.com/profile_images/1483761650536697856/5oP_Q7aL_normal.jpg
WeakpointRbr,"@Aguiarthur Adm, segue a @loriscoment e eu digo se esperava ou n√£o üó£üíõ",Wed Jan 19 19:49:43 +0000 2022,"<a href=""http://twitter.com/download/android"" rel=""nofollow"">Twitter for Android</a>",http://pbs.twimg.com/profile_images/1483195563545927686/huEbkKRW_normal.jpg
euluanatuitera,@Aguiarthur Adm eu imploro pelo follow,Wed Jan 19 19:49:40 +0000 2022,"<a href=""http://twitter.com/download/iphone"" rel=""nofollow"">Twitter for iPhone</a>",http://pbs.twimg.com/profile_images/1476327830061559812/NAdqm-Gl_normal.jpg
tuitanyco,@Aguiarthur eai fala tu,Wed Jan 19 19:49:37 +0000 2022,"<a href=""http://twitter.com/download/iphone"" rel=""nofollow"">Twitter for iPhone</a>",http://pbs.twimg.com/profile_images/1483888680674725893/cCzkPfUh_normal.jpg
WeakpointRbr,"@revolutwoman @Aguiarthur ADM, segue ela aqui, por favor! üíõ
@Aguiarthur",Wed Jan 19 19:49:30 +0000 2022,"<a href=""http://twitter.com/download/android"" rel=""nofollow"">Twitter for Android</a>",http://pbs.twimg.com/profile_images/1483195563545927686/huEbkKRW_normal.jpg
eumauriciox,@Aguiarthur me segue adm ü•≤‚ú®‚ú®,Wed Jan 19 19:49:26 +0000 2022,"<a href=""http://twitter.com/download/android"" rel=""nofollow"">Twitter for Android</a>",http://pbs.twimg.com/profile_images/1483809586192818180/Wv4cS49a_normal.jpg
Leandrallmeida,@Aguiarthur ‚ú®,Wed Jan 19 19:49:20 +0000 2022,"<a href=""http://twitter.com/download/android"" rel=""nofollow"">Twitter for Android</a>",http://pbs.twimg.com/profile_images/1482868202849943558/qaJtD4id_normal.jpg
eumaaicon,@Aguiarthur ‚ú®,Wed Jan 19 19:49:15 +0000 2022,"<a href=""http://twitter.com/download/iphone"" rel=""nofollow"">Twitter for iPhone</a>",http://pbs.twimg.com/profile_images/1478048211822592016/aIfTZqKf_normal.jpg
eumauriciox,@Aguiarthur segue aqui adm ‚ú®‚ú®‚ú®,Wed Jan 19 19:49:11 +0000 2022,"<a href=""http://twitter.com/download/android"" rel=""nofollow"">Twitter for Android</a>",http://pbs.twimg.com/profile_images/1483809586192818180/Wv4cS49a_normal.jpg
euunivia,@Aguiarthur ‚ú®‚ú®‚ú®,Wed Jan 19 19:49:05 +0000 2022,"<a href=""http://twitter.com/download/android"" rel=""nofollow"">Twitter for Android</a>",http://pbs.twimg.com/profile_images/1483498225667653634/XZhupqvl_normal.jpg
keniasena,"RT @Aguiarthur: ‚ú® FOLLOW TRICK DO #TeamAguiar  ‚ú®

- RT e FAV
- Comente o emoji ‚ú®
- Seguir quem deu RT e FAV
- Seguir quem curtir seu emoji‚Ä¶",Wed Jan 19 19:49:01 +0000 2022,"<a href=""http://twitter.com/download/android"" rel=""nofollow"">Twitter for Android</a>",http://pbs.twimg.com/profile_images/1483590668295589888/yMo_TsvR_normal.jpg
bolinhaderancor,@Aguiarthur ‚ú® #TeamAguiar,Wed Jan 19 19:48:58 +0000 2022,"<a href=""http://twitter.com/download/iphone"" rel=""nofollow"">Twitter for iPhone</a>",http://pbs.twimg.com/profile_images/1483641623686877186/CdBQO2fB_normal.jpg
danielzmtt,@Aguiarthur ‚ú®,Wed Jan 19 19:48:56 +0000 2022,"<a href=""http://twitter.com/download/iphone"" rel=""nofollow"">Twitter for iPhone</a>",http://pbs.twimg.com/profile_images/1483883704816746506/bfMY6HmL_normal.jpg
bicalhoxls,@Ewertontuita @Aguiarthur SEGUEEEE ELE ADM,Wed Jan 19 19:48:49 +0000 2022,"<a href=""http://twitter.com/download/android"" rel=""nofollow"">Twitter for Android</a>",http://pbs.twimg.com/profile_images/1483874196300124168/VoXeFtMf_normal.jpg
danielzmtt,"RT @Aguiarthur: ‚ú® FOLLOW TRICK DO #TeamAguiar  ‚ú®

- RT e FAV
- Comente o emoji ‚ú®
- Seguir quem deu RT e FAV
- Seguir quem curtir seu emoji‚Ä¶",Wed Jan 19 19:48:48 +0000 2022,"<a href=""http://twitter.com/download/iphone"" rel=""nofollow"">Twitter for iPhone</a>",http://pbs.twimg.com/profile_images/1483883704816746506/bfMY6HmL_normal.jpg
euunivia,"@Aguiarthur adm, me segue por favor. t√¥ desde cedo tentando! desde que ela tava confinada. me d√° essa moral adm. me segue ü•≤‚ù§

#TeamAguiar",Wed Jan 19 19:48:48 +0000 2022,"<a href=""http://twitter.com/download/android"" rel=""nofollow"">Twitter for Android</a>",http://pbs.twimg.com/profile_images/1483498225667653634/XZhupqvl_normal.jpg
Oliveiraaana__,@Aguiarthur Quando o adm vai me seguir e me deixar feliz?,Wed Jan 19 19:48:47 +0000 2022,"<a href=""http://twitter.com/download/android"" rel=""nofollow"">Twitter for Android</a>",http://pbs.twimg.com/profile_images/1483647781348810754/VJcUjA1-_normal.jpg
keniasena,@Aguiarthur ‚ú®,Wed Jan 19 19:48:46 +0000 2022,"<a href=""http://twitter.com/download/android"" rel=""nofollow"">Twitter for Android</a>",http://pbs.twimg.com/profile_images/1483590668295589888/yMo_TsvR_normal.jpg
katarinameloa,"Amando esses novos adms do @Aguiarthur. ü•∞ü•∞ü•∞ #TeamAguiar 
‚ú®‚ú®‚ú®‚ú®‚ú®‚ú®‚ú®‚ú®‚ú®‚ú®‚ú®‚ú®",Wed Jan 19 19:48:45 +0000 2022,"<a href=""http://twitter.com/download/iphone"" rel=""nofollow"">Twitter for iPhone</a>",http://pbs.twimg.com/profile_images/1472975954096148485/wr7aExtj_normal.jpg
alex_barreto_,@Aguiarthur @luannasccp ‚ú®,Wed Jan 19 19:48:45 +0000 2022,"<a href=""http://twitter.com/download/android"" rel=""nofollow"">Twitter for Android</a>",http://pbs.twimg.com/profile_images/1471467955485614081/n5kmAT53_normal.jpg
HortaLoide,@Aguiarthur ‚ú®,Wed Jan 19 19:48:43 +0000 2022,"<a href=""http://twitter.com/download/android"" rel=""nofollow"">Twitter for Android</a>",http://pbs.twimg.com/profile_images/1445503837167448070/HQIMAPCT_normal.jpg
WeakpointRbr,@Aguiarthur Adm segue a @Bya11060843 e o @bruno_neves00 por favor!! üíõ,Wed Jan 19 19:48:43 +0000 2022,"<a href=""http://twitter.com/download/android"" rel=""nofollow"">Twitter for Android</a>",http://pbs.twimg.com/profile_images/1483195563545927686/huEbkKRW_normal.jpg
kancelei,DIEGO DE REBELDE ME SEGUE PELO AMOR @Aguiarthur,Wed Jan 19 19:48:38 +0000 2022,"<a href=""http://twitter.com/download/iphone"" rel=""nofollow"">Twitter for iPhone</a>",http://pbs.twimg.com/profile_images/1482335023076458497/c509nZ57_normal.jpg
