Tweet,Translate,Emoji,Sentiment
"RT @SucoDeFruta2019: @legadaodamassa Provas de resist√™ncia personalizadas:

Luciano: 30 minutos sem punheta
Arthur Aguiar: 2 horas sem trai‚Ä¶","RT @SucoDeFruta2019: @legadaodamassa Provas de resist√™ncia personalizadas:

Luciano: 30 minutos sem punheta
Arthur Aguiar: 2 horas sem trai‚Ä¶",set(),0.0
"RT @Carloszn11: @bbb Provas de resist√™ncia personalizadas:

Luciano: 30 minutos sem punheta
Arthur Aguiar: 2 horas sem trair a mulher dele‚Ä¶","RT @Carloszn11: @bbb Provas de resist√™ncia personalizadas:

Luciano: 30 minutos sem punheta
Arthur Aguiar: 2 horas sem trair a mulher dele‚Ä¶",set(),0.0
"RT @umalgmqchora: Certeza que o Arthur Aguiar vai ""confudir"" a Lais com a Mayra Cardi em algum festa e acabar ""sem querer"" beijando ela #BB‚Ä¶","RT @umalgmqchora: Certeza que o Arthur Aguiar vai ""confudir"" a Lais com a Mayra Cardi em algum festa e acabar ""sem querer"" beijando ela #BB‚Ä¶",set(),0.0
RT @raphaelviicente: minha rea√ß√£o vendo arthur aguiar como camarote mesmo sabendo que ele ja tinha sido confirmado https://t.co/Bgv4toKJyZ,RT @raphaelviicente: minha rea√ß√£o vendo arthur aguiar como camarote mesmo sabendo que ele ja tinha sido confirmado https://t.co/Bgv4toKJyZ,set(),0.0
"RT @centraldanacao: Luciano Punheteiro

Arthur Aguiar rom√¢ntico

Pedro Scooby moleque piranha

Se n√£o formarem um trio eu sou um Palio week‚Ä¶","RT @centraldanacao: Luciano Punheteiro

Arthur Aguiar rom√¢ntico

Pedro Scooby moleque piranha

Se n√£o formarem um trio eu sou um Palio week‚Ä¶",set(),0.0
RT @Samspm1: Pedro Scooby e Arthur Aguiar disc√≠pulos de hadybala e Lucas galina,RT @Samspm1: Pedro Scooby e Arthur Aguiar disc√≠pulos de hadybala e Lucas galina,set(),0.0
"Pedro Scooby
Arthur Aguiar
Qual o pr√≥ximo ? Lipe ribeiro? Gui Ara√∫jo? Leo picon?","Pedro Scooby
Arthur Aguiar
Qual o pr√≥ximo ? Lipe ribeiro? Gui Ara√∫jo? Leo picon?",set(),0.0
Scooby e Arthur Aguiar disputando quem chora mais no v√≠deo do anjo pra provar que √© um bom pai,Scooby e Arthur Aguiar disputando quem chora mais no v√≠deo do anjo pra provar que √© um bom pai,set(),0.0
RT @NazareAmarga: Arthur Aguiar no BBB e a primeira prova de resist√™ncia √© ver quanto tempo ele aguenta ficar sem trair a mulher dele #BBB22,RT @NazareAmarga: Arthur Aguiar no BBB e a primeira prova de resist√™ncia √© ver quanto tempo ele aguenta ficar sem trair a mulher dele #BBB22,set(),0.0
@Pacomidia ele e arthur aguiar conta de chernomachos,@Pacomidia ele e arthur aguiar conta de chernomachos,set(),0.0
RT @efemayara: Arthur Aguiar??? Desde j√° assinando o conte√∫do PREMIUM da Mayra Cardi https://t.co/kqwEssA9Dd,RT @efemayara: Arthur Aguiar??? Desde j√° assinando o conte√∫do PREMIUM da Mayra Cardi https://t.co/kqwEssA9Dd,set(),0.0
"pedro scooby, arthur aguiar... a fonte do leo dias √© quente","pedro scooby, arthur aguiar... a fonte do leo dias √© quente",set(),0.0
"RT @Kaua2santosS: A Jade pic√£o indo pra o BBB e trombando com a larissa manoela

#BBB22/Big Brother Brasil/DESSE TAMANHO/In√™s Brasil/Arthur‚Ä¶","RT @Kaua2santosS: A Jade pic√£o indo pra o BBB e trombando com a larissa manoela

#BBB22/Big Brother Brasil/DESSE TAMANHO/In√™s Brasil/Arthur‚Ä¶",set(),0.0
"esperando a v√≠tima da sociedade, vulgo arthur aguiar, trair a mayra cardi +1 vez no bbb KKKK","esperando a v√≠tima da sociedade, vulgo arthur aguiar, trair a mayra cardi +1 vez no bbb KKKK",set(),0.0
RT @PaolaDeboche: Mayra Cardi dando pronunciamento aqui fora quando Arthur Aguiar ficar com algu√©m no bbb. #BBB22 https://t.co/ODmmVpsvp0,RT @PaolaDeboche: Mayra Cardi dando pronunciamento aqui fora quando Arthur Aguiar ficar com algu√©m no bbb. #BBB22 https://t.co/ODmmVpsvp0,set(),0.0
RT @goddssmoon: a esposa do Arthur Aguiar,RT @goddssmoon: a esposa do Arthur Aguiar,set(),0.0
"Gente Pedro scooby e Arthur Aguiar no BBB, Boninho ano que vem eu fa√ßo a lista pra vc https://t.co/kbKxKnr1pE","Gente Pedro scooby e Arthur Aguiar no BBB, Boninho ano que vem eu fa√ßo a lista pra vc https://t.co/kbKxKnr1pE",set(),0.0
RT @chicobarney: Arthur Aguiar √© a primeira celebridade que entra cancelada no #BBB22. Isso era uma tradi√ß√£o apenas de #AFazenda.,RT @chicobarney: Arthur Aguiar √© a primeira celebridade que entra cancelada no #BBB22. Isso era uma tradi√ß√£o apenas de #AFazenda.,set(),0.0
RT @PaolaDeboche: Mayra Cardi dando pronunciamento aqui fora quando Arthur Aguiar ficar com algu√©m no bbb. #BBB22 https://t.co/ODmmVpsvp0,RT @PaolaDeboche: Mayra Cardi dando pronunciamento aqui fora quando Arthur Aguiar ficar com algu√©m no bbb. #BBB22 https://t.co/ODmmVpsvp0,set(),0.0
se esse bbb for ruim a culpa eh do arthur aguiar,se esse bbb for ruim a culpa eh do arthur aguiar,set(),0.0
RT @uchihasrose: a maior prova de resist√™ncia dos participantes do bbb vai ser conviver com arthur aguiar e pedro scooby,RT @uchihasrose: a maior prova de resist√™ncia dos participantes do bbb vai ser conviver com arthur aguiar e pedro scooby,set(),0.0
"RT @Carloszn11: @bbb Provas de resist√™ncia personalizadas:

Luciano: 30 minutos sem punheta
Arthur Aguiar: 2 horas sem trair a mulher dele‚Ä¶","RT @Carloszn11: @bbb Provas de resist√™ncia personalizadas:

Luciano: 30 minutos sem punheta
Arthur Aguiar: 2 horas sem trair a mulher dele‚Ä¶",set(),0.0
o arthur aguiar Mano,o arthur aguiar Mano,set(),0.0
J√° pode votar pra eliminar o Arthur Aguiar?,J√° pode votar pra eliminar o Arthur Aguiar?,set(),0.0
"RT @SeriesBrasil: 3 curiosidades sobre o ator Arthur Aguiar, confirmado no #BBB22: 

- Traiu Mayra Cardi 16 vezes;
- Participou da vers√£o b‚Ä¶","RT @SeriesBrasil: 3 curiosidades sobre o ator Arthur Aguiar, confirmado no #BBB22: 

- Traiu Mayra Cardi 16 vezes;
- Participou da vers√£o b‚Ä¶",set(),0.5
"Arthur Aguiar no BBB e Mayra Cardi na Fazenda, quem aposta?

#bbb2022","Arthur Aguiar no BBB e Mayra Cardi na Fazenda, quem aposta?

#bbb2022",set(),0.0
RT @vanglockkk: prova de resist√™ncia do Arthur Aguiar √© ficar 3 meses sem trair a mulher em rede nacional,RT @vanglockkk: prova de resist√™ncia do Arthur Aguiar √© ficar 3 meses sem trair a mulher em rede nacional,set(),0.0
RT @bluebirdgab: pedro scooby e arthur aguiar na primeira festa do bbb https://t.co/1UbMd3n5Dc,RT @bluebirdgab: pedro scooby e arthur aguiar na primeira festa do bbb https://t.co/1UbMd3n5Dc,set(),0.0
RT @brunafeia: pois eu quero ver arthur aguiar beijar ate os dummies,RT @brunafeia: pois eu quero ver arthur aguiar beijar ate os dummies,set(),0.0
RT @vanglockkk: prova de resist√™ncia do Arthur Aguiar √© ficar 3 meses sem trair a mulher em rede nacional,RT @vanglockkk: prova de resist√™ncia do Arthur Aguiar √© ficar 3 meses sem trair a mulher em rede nacional,set(),0.0
"RT @SeriesBrasil: 3 curiosidades sobre o ator Arthur Aguiar, confirmado no #BBB22: 

- Traiu Mayra Cardi 16 vezes;
- Participou da vers√£o b‚Ä¶","RT @SeriesBrasil: 3 curiosidades sobre o ator Arthur Aguiar, confirmado no #BBB22: 

- Traiu Mayra Cardi 16 vezes;
- Participou da vers√£o b‚Ä¶",set(),0.5
"RT @centraldanacao: Luciano Punheteiro

Arthur Aguiar rom√¢ntico

Pedro Scooby moleque piranha

Se n√£o formarem um trio eu sou um Palio week‚Ä¶","RT @centraldanacao: Luciano Punheteiro

Arthur Aguiar rom√¢ntico

Pedro Scooby moleque piranha

Se n√£o formarem um trio eu sou um Palio week‚Ä¶",set(),0.0
"Not√≠cias que teremos nas pr√≥ximas semanas:
- Luana Piovani entra com pedido para afastar Pedro Scooby dos filhos e‚Ä¶ https://t.co/oA7jL4CW3G","Not√≠cias que teremos nas pr√≥ximas semanas:
- Luana Piovani entra com pedido para afastar Pedro Scooby dos filhos e‚Ä¶ https://t.co/oA7jL4CW3G",set(),0.0
"RT @SeriesBrasil: 3 curiosidades sobre o ator Arthur Aguiar, confirmado no #BBB22: 

- Traiu Mayra Cardi 16 vezes;
- Participou da vers√£o b‚Ä¶","RT @SeriesBrasil: 3 curiosidades sobre o ator Arthur Aguiar, confirmado no #BBB22: 

- Traiu Mayra Cardi 16 vezes;
- Participou da vers√£o b‚Ä¶",set(),0.5
"RT @cleangabi: com a entrada de pedro scooby e arthur aguiar, entram tamb√©m mais duas participantes: luana piovani e mayra cardi que far√£o‚Ä¶","RT @cleangabi: com a entrada de pedro scooby e arthur aguiar, entram tamb√©m mais duas participantes: luana piovani e mayra cardi que far√£o‚Ä¶",set(),0.0
RT @vanglockkk: prova de resist√™ncia do Arthur Aguiar √© ficar 3 meses sem trair a mulher em rede nacional,RT @vanglockkk: prova de resist√™ncia do Arthur Aguiar √© ficar 3 meses sem trair a mulher em rede nacional,set(),0.0
RT @PaolaDeboche: Mayra Cardi dando pronunciamento aqui fora quando Arthur Aguiar ficar com algu√©m no bbb. #BBB22 https://t.co/ODmmVpsvp0,RT @PaolaDeboche: Mayra Cardi dando pronunciamento aqui fora quando Arthur Aguiar ficar com algu√©m no bbb. #BBB22 https://t.co/ODmmVpsvp0,set(),0.0
scr q o arthur aguiar tbm ta no bbb k,scr q o arthur aguiar tbm ta no bbb k,set(),0.0
o arthur aguiar quem √© um dos 3 roteadores de covid üò≠üò≠üò≠,o arthur aguiar quem √© um dos 3 roteadores de covid üò≠üò≠üò≠,{'üò≠'},0.0
"RT @oJaoLeal: Luciano 5 dias sem punheta x Arthur Aguiar 2 festas sem trair a mulher, quem pede pra sair primeiro?","RT @oJaoLeal: Luciano 5 dias sem punheta x Arthur Aguiar 2 festas sem trair a mulher, quem pede pra sair primeiro?",set(),0.0
"RT @centraldanacao: Luciano Punheteiro

Arthur Aguiar rom√¢ntico

Pedro Scooby moleque piranha

Se n√£o formarem um trio eu sou um Palio week‚Ä¶","RT @centraldanacao: Luciano Punheteiro

Arthur Aguiar rom√¢ntico

Pedro Scooby moleque piranha

Se n√£o formarem um trio eu sou um Palio week‚Ä¶",set(),0.0
"RT @newscolina: Infiel e flamenguista. Se existe um padr√£o de homem pra voc√™ nunca ter rela√ß√µes, esse padr√£o se chama Arthur Aguiar.","RT @newscolina: Infiel e flamenguista. Se existe um padr√£o de homem pra voc√™ nunca ter rela√ß√µes, esse padr√£o se chama Arthur Aguiar.",set(),0.0
RT @rafaellamatiolo: arthur aguiar e pedro scooby confirmados no bbb e eu nem consegui enxergar a tv de tanta toxina emba√ßando meus olhos,RT @rafaellamatiolo: arthur aguiar e pedro scooby confirmados no bbb e eu nem consegui enxergar a tv de tanta toxina emba√ßando meus olhos,set(),0.0
"RT @tchuliaa: anunciam o Arthur Aguiar no meio da Malha√ß√£o, logo no cap√≠tulo que ele √© acusado de trair a namorada #bbb22 https://t.co/HGDH‚Ä¶","RT @tchuliaa: anunciam o Arthur Aguiar no meio da Malha√ß√£o, logo no cap√≠tulo que ele √© acusado de trair a namorada #bbb22 https://t.co/HGDH‚Ä¶",set(),0.0
"RT @karinacomenta: Arthur Aguiar e Pedro Scooby at√© agora

Boninho buscou o camarote diretamente de Chernobyl #BBB22","RT @karinacomenta: Arthur Aguiar e Pedro Scooby at√© agora

Boninho buscou o camarote diretamente de Chernobyl #BBB22",set(),0.0
RT @katnissong: arthur aguiar estou depositando todas as minhas expectativas de entretenimento em VOC√ä fale de rebelde traia a sua mulher e‚Ä¶,RT @katnissong: arthur aguiar estou depositando todas as minhas expectativas de entretenimento em VOC√ä fale de rebelde traia a sua mulher e‚Ä¶,set(),0.0
RT @NazareAmarga: Arthur Aguiar no BBB e a primeira prova de resist√™ncia √© ver quanto tempo ele aguenta ficar sem trair a mulher dele #BBB22,RT @NazareAmarga: Arthur Aguiar no BBB e a primeira prova de resist√™ncia √© ver quanto tempo ele aguenta ficar sem trair a mulher dele #BBB22,set(),0.0
RT @Aguiarthur: Agora √© oficial! Arthur Aguiar est√° no #BBB22 e ao CSI de plant√£o que acompanhou esse t√£o aguardado momento com dedo fren√©t‚Ä¶,RT @Aguiarthur: Agora √© oficial! Arthur Aguiar est√° no #BBB22 e ao CSI de plant√£o que acompanhou esse t√£o aguardado momento com dedo fren√©t‚Ä¶,set(),0.0
RT @chicobarney: Arthur Aguiar √© a primeira celebridade que entra cancelada no #BBB22. Isso era uma tradi√ß√£o apenas de #AFazenda.,RT @chicobarney: Arthur Aguiar √© a primeira celebridade que entra cancelada no #BBB22. Isso era uma tradi√ß√£o apenas de #AFazenda.,set(),0.0
RT @cnizlr: se fizerem com o arthur aguiar o msm q fizeram com o fiuk e esse mlk acabar no top3 vcs v√£o ver s√≥ https://t.co/rmsUuP95Ct,RT @cnizlr: se fizerem com o arthur aguiar o msm q fizeram com o fiuk e esse mlk acabar no top3 vcs v√£o ver s√≥ https://t.co/rmsUuP95Ct,set(),0.0
"RT @livrariaemcasa: Nenhuma surpresa, todo mundo j√° sabia, mas Pedro Scooby, Arthur Aguiar. Que isso? A Fazenda?","RT @livrariaemcasa: Nenhuma surpresa, todo mundo j√° sabia, mas Pedro Scooby, Arthur Aguiar. Que isso? A Fazenda?",set(),0.0
Eu vou torcer pela perman√™ncia de Pedro Scooby e Arthur Aguiar at√© as √∫ltimas tr√™s semanas com todas as minhas for√ßas,Eu vou torcer pela perman√™ncia de Pedro Scooby e Arthur Aguiar at√© as √∫ltimas tr√™s semanas com todas as minhas for√ßas,set(),0.0
arthur aguiar √© o pyong 2.0 kkkkkkk,arthur aguiar √© o pyong 2.0 kkkkkkk,set(),0.0
RT @PaolaDeboche: Mayra Cardi dando pronunciamento aqui fora quando Arthur Aguiar ficar com algu√©m no bbb. #BBB22 https://t.co/ODmmVpsvp0,RT @PaolaDeboche: Mayra Cardi dando pronunciamento aqui fora quando Arthur Aguiar ficar com algu√©m no bbb. #BBB22 https://t.co/ODmmVpsvp0,set(),0.0
pedro scooby e arthur aguiar que bela bosta,pedro scooby e arthur aguiar que bela bosta,set(),0.0
RT @comments_rapha: @InesBrasilTV Esper√°vamos: in√™s brasil                                           Recebemos: arthur aguiar https://t.co/‚Ä¶,RT @comments_rapha: @InesBrasilTV Esper√°vamos: in√™s brasil                                           Recebemos: arthur aguiar https://t.co/‚Ä¶,set(),0.0
"RT @caismila: ARTHUR AGUIAR CONFIRMADO
O BRASIL N√ÉO MERECE ISSO
#BBB22 https://t.co/bMUsRRkNqR","RT @caismila: ARTHUR AGUIAR CONFIRMADO
O BRASIL N√ÉO MERECE ISSO
#BBB22 https://t.co/bMUsRRkNqR",set(),0.0
RT @Dyomachado: ESSE AU√ä TODO NESSE CAMAROTE PRA ME TRAZER UM ARTHUR AGUIAR E UM PEDRO SCOOBY?????? MEU UC BONINHO! https://t.co/TjJPk3IhPS,RT @Dyomachado: ESSE AU√ä TODO NESSE CAMAROTE PRA ME TRAZER UM ARTHUR AGUIAR E UM PEDRO SCOOBY?????? MEU UC BONINHO! https://t.co/TjJPk3IhPS,set(),0.0
RT @PaolaDeboche: Mayra Cardi dando pronunciamento aqui fora quando Arthur Aguiar ficar com algu√©m no bbb. #BBB22 https://t.co/ODmmVpsvp0,RT @PaolaDeboche: Mayra Cardi dando pronunciamento aqui fora quando Arthur Aguiar ficar com algu√©m no bbb. #BBB22 https://t.co/ODmmVpsvp0,set(),0.0
RT @vanglockkk: prova de resist√™ncia do Arthur Aguiar √© ficar 3 meses sem trair a mulher em rede nacional,RT @vanglockkk: prova de resist√™ncia do Arthur Aguiar √© ficar 3 meses sem trair a mulher em rede nacional,set(),0.0
"RT @RickSouza: Perceberam uma coisa nas chamadas at√© agora, n√©? Todo mundo gravou no cen√°rio virtual da Globo, menos o Arthur Aguiar... pel‚Ä¶","RT @RickSouza: Perceberam uma coisa nas chamadas at√© agora, n√©? Todo mundo gravou no cen√°rio virtual da Globo, menos o Arthur Aguiar... pel‚Ä¶",set(),0.0
"RT @baahguriaa_: Pedro Scooby e Arthur Aguiar
PEGARAM CHERNOBYL E TACARAM NO #BBB22","RT @baahguriaa_: Pedro Scooby e Arthur Aguiar
PEGARAM CHERNOBYL E TACARAM NO #BBB22",set(),0.0
"RT @k4uelima: O Pedro Scooby e Arthur √Åguiar no camarote, Boninho pelo amor de deus bora melhorar isso a√≠ n√©  
 #BBB222 #BBB222 Big Brother‚Ä¶","RT @k4uelima: O Pedro Scooby e Arthur √Åguiar no camarote, Boninho pelo amor de deus bora melhorar isso a√≠ n√©  
 #BBB222 #BBB222 Big Brother‚Ä¶",set(),0.025
RT @judepaulla1: meu deus arthur aguiar kkkkkk https://t.co/9F3DFfW9GA,RT @judepaulla1: meu deus arthur aguiar kkkkkk https://t.co/9F3DFfW9GA,set(),0.0
"RT @DonaLuciaHexa: Pedro Scooby e Arthur Aguiar 

Nem Bebeto e Rom√°rio formavam um ataque t√£o poderoso quanto este","RT @DonaLuciaHexa: Pedro Scooby e Arthur Aguiar 

Nem Bebeto e Rom√°rio formavam um ataque t√£o poderoso quanto este",set(),0.0
RT @vanglockkk: prova de resist√™ncia do Arthur Aguiar √© ficar 3 meses sem trair a mulher em rede nacional,RT @vanglockkk: prova de resist√™ncia do Arthur Aguiar √© ficar 3 meses sem trair a mulher em rede nacional,set(),0.0
RT @PaolaDeboche: Mayra Cardi dando pronunciamento aqui fora quando Arthur Aguiar ficar com algu√©m no bbb. #BBB22 https://t.co/ODmmVpsvp0,RT @PaolaDeboche: Mayra Cardi dando pronunciamento aqui fora quando Arthur Aguiar ficar com algu√©m no bbb. #BBB22 https://t.co/ODmmVpsvp0,set(),0.0
@vascaodazoeira @777Kayke Arthur Aguiar √© o Judas,@vascaodazoeira @777Kayke Arthur Aguiar √© o Judas,set(),0.0
Arthur Aguiar e Pedro Scooby esse bbb vai ser PODRE,Arthur Aguiar e Pedro Scooby esse bbb vai ser PODRE,set(),0.0
"RT @centraldanacao: Luciano Punheteiro

Arthur Aguiar rom√¢ntico

Pedro Scooby moleque piranha

Se n√£o formarem um trio eu sou um Palio week‚Ä¶","RT @centraldanacao: Luciano Punheteiro

Arthur Aguiar rom√¢ntico

Pedro Scooby moleque piranha

Se n√£o formarem um trio eu sou um Palio week‚Ä¶",set(),0.0
"RT @RochaColombini: arthur aguiar, pedro scooby, n t√° faltando o bolsonaro?","RT @RochaColombini: arthur aguiar, pedro scooby, n t√° faltando o bolsonaro?",set(),0.0
Gnt t√¥ achando q vai ser mto bom esse bbb kkkkkk imagina a jade q traiu o joao gui o poliamor e o arthur aguiar jun‚Ä¶ https://t.co/8ZdVcjoJUX,Gnt t√¥ achando q vai ser mto bom esse bbb kkkkkk imagina a jade q traiu o joao gui o poliamor e o arthur aguiar jun‚Ä¶ https://t.co/8ZdVcjoJUX,set(),0.0
ah nem Arthur Aguiar no bbb que poooooorrreeeee,ah nem Arthur Aguiar no bbb que poooooorrreeeee,set(),0.0
eu sou muito rendida pelo arthur aguiar pqp  https://t.co/Gy4gwY1XpJ,eu sou muito rendida pelo arthur aguiar pqp  https://t.co/Gy4gwY1XpJ,set(),0.0
"Arthur Aguiar representa noventa por cento dos homens. Um babacao! 

Falei, t√¥ leve ‚úåüèæ","Arthur Aguiar representa noventa por cento dos homens. Um babacao! 

Falei, t√¥ leve ‚úåüèæ",set(),0.0
Arthur Aguiar e Pedro Scooby no bbb‚Ä¶ sounds like A Fazenda,Arthur Aguiar e Pedro Scooby no bbb‚Ä¶ sounds like A Fazenda,set(),0.0
eu j√° quero muito o momento  o arthur aguiar vai meter o 17‚Å∞ chifre na esposa em rede nacional,eu j√° quero muito o momento  o arthur aguiar vai meter o 17‚Å∞ chifre na esposa em rede nacional,set(),0.0
"Kkkkkk Pedro Scooby e Arthur Aguiar, boninho foi longeee","Kkkkkk Pedro Scooby e Arthur Aguiar, boninho foi longeee",set(),0.0
"RT @karinacomenta: Arthur Aguiar e Pedro Scooby at√© agora

Boninho buscou o camarote diretamente de Chernobyl #BBB22","RT @karinacomenta: Arthur Aguiar e Pedro Scooby at√© agora

Boninho buscou o camarote diretamente de Chernobyl #BBB22",set(),0.0
NAO O ARTHUR AGUIAR NO BBB KKKKKKKKKKKKKKKKK,NAO O ARTHUR AGUIAR NO BBB KKKKKKKKKKKKKKKKK,set(),0.0
"RT @brucewoyne: BOL√ÉO: com quem o arthur aguiar vai chifrar a mayra primeiro?
 https://t.co/hQiKImfQfe","RT @brucewoyne: BOL√ÉO: com quem o arthur aguiar vai chifrar a mayra primeiro?
 https://t.co/hQiKImfQfe",set(),0.0
RT @allforhazza: pedro scooby vai ser juntar com arthur aguiar pra formar a dupla implac√°vel: cherno &amp; byl #BBB22,RT @allforhazza: pedro scooby vai ser juntar com arthur aguiar pra formar a dupla implac√°vel: cherno &amp; byl #BBB22,set(),0.0
RT @Rwalkers: Arthur aguiar confirmado a mayara cardi sendo tra√≠da ao vivo no BBB vem ai,RT @Rwalkers: Arthur aguiar confirmado a mayara cardi sendo tra√≠da ao vivo no BBB vem ai,set(),0.0
"EST√ÉO TENTANDO ME CALAR POR SER O √öNICO A APOIAR O ULTIMO ROM√ÇNTICO DA TERRA, VULGO ARTHUR AGUIAR
#TROPADOAGUIAR","EST√ÉO TENTANDO ME CALAR POR SER O √öNICO A APOIAR O ULTIMO ROM√ÇNTICO DA TERRA, VULGO ARTHUR AGUIAR
#TROPADOAGUIAR",set(),0.0
"Arthur Aguiar presente 
Pedro scooby presente 
t√° mas cad√™ a jade pic√£o ??????????

#bbb2022","Arthur Aguiar presente 
Pedro scooby presente 
t√° mas cad√™ a jade pic√£o ??????????

#bbb2022",set(),0.0
"RT @centraldanacao: Luciano Punheteiro

Arthur Aguiar rom√¢ntico

Pedro Scooby moleque piranha

Se n√£o formarem um trio eu sou um Palio week‚Ä¶","RT @centraldanacao: Luciano Punheteiro

Arthur Aguiar rom√¢ntico

Pedro Scooby moleque piranha

Se n√£o formarem um trio eu sou um Palio week‚Ä¶",set(),0.0
@bbb #bbb2022 #BBB22 #MoonKnight #ScreamMovie juliette Arthur Aguiar mayra eliezer Selena Gomes Sarah‚Ä¶ https://t.co/87L4G0GBcs,@bbb #bbb2022 #BBB22 #MoonKnight #ScreamMovie juliette Arthur Aguiar mayra eliezer Selena Gomes Sarah‚Ä¶ https://t.co/87L4G0GBcs,set(),0.0
"RT @Ieticiabranco: Provas de resist√™ncia personalizadas:

Luciano: 30 minutos sem punheta
Arthur Aguiar: 2 horas sem trair a mulher dele
B√°‚Ä¶","RT @Ieticiabranco: Provas de resist√™ncia personalizadas:

Luciano: 30 minutos sem punheta
Arthur Aguiar: 2 horas sem trair a mulher dele
B√°‚Ä¶",set(),0.0
arthur aguiar e pedro scooby se juntando e formando a dupla cherno e byl #BBB22,arthur aguiar e pedro scooby se juntando e formando a dupla cherno e byl #BBB22,set(),0.0
"RT @DonaLuciaHexa: Pedro Scooby e Arthur Aguiar 

Nem Bebeto e Rom√°rio formavam um ataque t√£o poderoso quanto este","RT @DonaLuciaHexa: Pedro Scooby e Arthur Aguiar 

Nem Bebeto e Rom√°rio formavam um ataque t√£o poderoso quanto este",set(),0.0
RT @jaoComenta_: O Arthur Aguiar tava mais confirmado que o Tadeu #BBB22,RT @jaoComenta_: O Arthur Aguiar tava mais confirmado que o Tadeu #BBB22,set(),0.05
RT @katnissong: arthur aguiar estou depositando todas as minhas expectativas de entretenimento em VOC√ä fale de rebelde traia a sua mulher e‚Ä¶,RT @katnissong: arthur aguiar estou depositando todas as minhas expectativas de entretenimento em VOC√ä fale de rebelde traia a sua mulher e‚Ä¶,set(),0.0
RT @chicobarney: Arthur Aguiar √© a primeira celebridade que entra cancelada no #BBB22. Isso era uma tradi√ß√£o apenas de #AFazenda.,RT @chicobarney: Arthur Aguiar √© a primeira celebridade que entra cancelada no #BBB22. Isso era uma tradi√ß√£o apenas de #AFazenda.,set(),0.0
@myselfgui n√£o amg esse papel √© de Arthur Aguiar,@myselfgui n√£o amg esse papel √© de Arthur Aguiar,set(),0.0
RT @vanglockkk: prova de resist√™ncia do Arthur Aguiar √© ficar 3 meses sem trair a mulher em rede nacional,RT @vanglockkk: prova de resist√™ncia do Arthur Aguiar √© ficar 3 meses sem trair a mulher em rede nacional,set(),0.0
RT @blckklucas: pedro scooby e arthur aguiar juntos no mesmo reality üíÄ,RT @blckklucas: pedro scooby e arthur aguiar juntos no mesmo reality üíÄ,{'üíÄ'},0.0
RT @scarletcai: n√£o eliminem o arthur aguiar antes de ele dar corno mayra cardi pelo menos umas cinco vezes eu imploro https://t.co/OA82ruM‚Ä¶,RT @scarletcai: n√£o eliminem o arthur aguiar antes de ele dar corno mayra cardi pelo menos umas cinco vezes eu imploro https://t.co/OA82ruM‚Ä¶,set(),0.0
RT @_quesedani: Arthur Aguiar e Pedro Scooby na mesma edi√ß√£o #BBB22 https://t.co/dgO5kD0ibk,RT @_quesedani: Arthur Aguiar e Pedro Scooby na mesma edi√ß√£o #BBB22 https://t.co/dgO5kD0ibk,set(),0.0
"@anabesousa Tomara que n√£o tirem logo o Arthur Aguiar tamb√©m, assim teremos dois entretenimentos j√°","@anabesousa Tomara que n√£o tirem logo o Arthur Aguiar tamb√©m, assim teremos dois entretenimentos j√°",set(),0.0
Corageeeeeem desse arthur aguiar kkkkkkkkkk,Corageeeeeem desse arthur aguiar kkkkkkkkkk,set(),0.0
